order_quantity,number_of_items,current_stock,reorder_level,shortage_quantity,distance_km,shipping_mode,rainy_days_in_transit,supplier_lead_time,processing_time,fulfillment_days
5,2,33,13,0,1092.3,0,1,1.3,0.94,4.82
42,1,21,30,21,1078.4,0,4,7.0,0.95,12.25
36,4,52,32,0,335.9,0,0,2.0,1.11,2.38
24,5,66,39,0,93.5,1,0,1.1,1.57,1.66
24,5,26,32,0,483.5,0,1,1.1,1.21,2.74
47,6,76,17,0,269.4,0,0,1.4,1.66,2.3
5,3,63,24,0,617.9,0,1,1.2,1.75,3.81
38,5,16,27,22,1469.8,1,1,6.5,0.88,10.02
11,5,93,49,0,304.4,0,1,1.4,1.51,2.25
6,2,4,31,2,505.6,0,0,5.7,0.89,8.29
29,6,65,35,0,1098.7,0,0,1.7,0.87,3.81
53,1,43,39,10,783.4,0,2,4.0,1.08,8.28
40,4,65,24,0,104.1,1,0,1.8,0.9,1.37
42,6,77,48,0,276.1,1,0,1.1,1.46,1.95
39,4,68,36,0,1405.5,0,0,1.6,1.52,4.99
43,6,65,43,0,190.6,1,0,1.6,1.44,2.0
28,1,84,39,0,967.2,0,0,1.2,1.38,4.66
7,4,70,34,0,1196.8,1,0,1.0,1.58,3.81
46,5,81,11,0,427.5,0,1,1.5,1.57,3.04
25,4,40,33,0,1098.6,0,1,1.5,1.67,4.84
28,6,20,15,8,288.0,1,2,6.8,1.49,9.57
21,3,23,34,0,455.7,1,2,1.2,1.16,3.08
10,5,61,38,0,495.3,1,0,1.2,1.32,2.67
51,3,53,31,0,1494.8,0,0,2.0,1.29,5.3
43,6,7,22,36,353.3,1,2,6.0,0.91,8.39
35,1,20,12,15,228.6,1,0,5.5,1.61,7.86
22,2,96,36,0,1391.5,0,0,1.7,1.71,5.53
45,1,72,37,0,276.4,0,0,1.6,1.78,3.17
30,5,75,29,0,1323.7,0,1,1.3,1.05,5.33
24,2,19,38,5,989.7,0,0,4.0,0.9,8.14
25,2,6,41,19,882.2,1,0,6.3,0.91,8.86
13,6,29,30,0,1137.0,0,0,1.7,1.6,5.1
5,3,85,11,0,1100.0,0,1,1.7,1.43,5.06
30,1,50,44,0,201.4,0,0,1.5,1.56,2.1
48,1,78,28,0,1499.2,1,1,1.1,1.71,4.98
4,2,48,36,0,1415.2,0,0,2.0,1.03,5.35
47,6,49,46,0,1349.0,1,0,1.0,1.16,3.66
45,4,60,24,0,948.5,0,0,1.5,1.59,3.68
15,6,95,34,0,803.3,0,0,1.4,1.06,3.45
35,2,43,10,0,823.0,1,0,1.8,1.31,2.49
9,3,59,45,0,61.8,0,2,1.7,1.24,2.33
41,1,91,12,0,769.2,1,0,1.6,1.4,2.88
38,3,37,31,1,950.7,0,3,5.8,1.79,12.55
20,4,83,24,0,1001.7,0,0,1.2,0.9,3.68
4,5,53,11,0,524.9,0,0,1.1,1.28,3.47
53,3,87,28,0,728.1,1,1,2.0,1.76,3.17
25,5,46,47,0,969.0,0,2,1.1,1.15,5.45
49,4,62,16,0,665.3,0,0,2.0,1.54,3.59
37,2,32,21,5,1444.7,0,0,6.6,1.73,12.53
43,6,63,17,0,1069.9,1,1,1.9,1.04,3.91
42,3,32,14,10,41.9,1,0,4.6,0.88,5.33
11,1,60,19,0,74.0,1,1,1.8,0.88,2.0
20,6,78,32,0,1047.8,0,2,1.6,0.87,4.89
26,6,43,41,0,642.5,0,0,1.8,1.15,2.76
27,1,42,37,0,1265.6,1,2,1.7,0.93,3.74
3,6,32,40,0,292.6,1,0,1.3,1.21,2.27
30,6,73,38,0,60.2,1,2,1.9,1.55,3.15
9,5,59,25,0,606.6,1,3,1.6,1.1,3.62
41,2,51,46,0,1114.7,1,1,1.2,1.28,3.93
37,4,2,16,35,1458.7,0,4,4.0,0.93,11.34
50,4,11,37,39,1330.1,0,2,6.5,1.5,12.78
41,4,0,14,41,746.7,1,0,7.0,1.12,9.74
20,4,85,40,0,1226.7,0,0,1.8,0.94,4.23
53,4,85,13,0,142.7,0,0,1.3,1.75,1.39
23,4,6,18,17,875.5,0,0,6.0,1.57,10.16
18,5,4,25,14,1389.5,0,1,5.4,1.45,11.39
49,4,78,37,0,618.7,1,0,1.3,1.52,2.37
21,1,52,11,0,1441.7,1,1,1.8,1.23,3.94
5,1,30,20,0,362.2,0,0,1.2,1.1,1.59
26,6,61,23,0,194.2,0,0,1.4,1.3,1.73
43,6,23,39,20,806.2,0,0,4.4,1.63,8.03
11,4,19,48,0,1364.6,1,4,1.0,1.76,6.64
25,2,36,34,0,494.5,0,0,1.1,1.41,3.0
8,5,89,30,0,1208.2,0,0,1.1,1.18,4.46
38,1,76,23,0,287.0,0,0,1.5,1.52,2.52
26,3,19,42,7,1128.5,0,4,5.6,1.5,12.49
18,2,56,14,0,853.3,0,0,1.1,1.05,3.39
13,1,88,15,0,295.5,1,1,1.9,1.24,2.28
31,5,95,18,0,1088.4,0,0,1.7,0.93,4.66
37,4,76,20,0,1082.1,0,0,1.2,1.2,4.52
51,2,12,28,39,792.5,0,1,4.6,1.56,8.87
24,4,24,47,0,369.2,0,1,1.2,1.11,3.03
9,1,21,36,0,233.1,0,1,1.8,1.43,2.95
45,3,15,25,30,1437.6,1,0,6.2,1.13,9.89
35,4,17,18,18,997.5,0,4,5.8,0.95,11.69
38,3,31,35,7,1221.5,1,1,6.3,1.54,10.35
6,5,55,20,0,1057.6,0,3,1.2,1.39,5.69
17,2,39,49,0,1251.0,1,0,1.6,1.63,3.84
42,1,42,29,0,277.2,0,0,1.1,1.48,2.06
45,4,24,32,21,765.5,0,0,4.4,1.62,8.05
24,6,15,46,9,1014.0,0,1,5.3,0.95,9.92
44,3,99,22,0,190.9,0,1,1.7,1.41,3.1
46,1,59,28,0,258.9,0,0,1.1,1.17,2.04
21,6,22,31,0,965.6,1,0,1.5,1.55,3.17
49,3,80,20,0,1308.3,0,0,1.5,1.38,5.11
16,2,83,12,0,1004.2,1,0,1.8,0.85,2.97
13,4,96,21,0,92.9,1,2,1.5,1.33,2.72
37,2,15,14,22,1456.8,0,0,5.0,1.54,10.77
35,6,63,37,0,243.7,1,0,1.1,1.06,1.57
8,2,98,10,0,379.5,0,0,1.7,1.45,2.03
45,4,80,22,0,1463.5,0,0,1.6,1.64,5.96
11,4,22,45,0,1165.7,0,3,1.7,0.87,5.54
44,2,89,32,0,1407.4,1,0,1.7,1.38,3.93
1,3,42,36,0,1217.7,0,3,1.9,1.69,6.56
44,1,48,36,0,991.5,0,1,1.9,0.93,4.52
43,4,55,21,0,455.4,0,1,1.3,1.07,2.87
43,5,77,35,0,517.2,0,0,1.2,1.43,2.51
36,6,12,18,24,1423.0,0,1,7.0,1.39,12.9
26,2,53,35,0,1296.5,0,1,1.7,1.59,6.62
39,2,81,37,0,564.9,1,0,2.0,1.43,1.6
15,4,54,45,0,585.0,0,2,1.5,1.38,4.21
43,5,27,46,16,474.6,0,0,4.6,1.25,6.85
31,6,5,10,26,516.2,1,0,5.4,0.88,7.65
25,1,54,21,0,1296.6,1,0,1.6,1.39,3.9
28,2,70,31,0,55.3,0,1,1.5,0.96,1.73
31,2,54,22,0,676.6,0,0,1.0,1.8,4.05
3,2,97,34,0,1416.5,0,0,1.2,0.88,5.01
8,3,60,44,0,832.2,1,0,1.2,0.88,2.31
14,6,50,20,0,697.7,0,0,1.1,1.59,3.37
7,1,5,45,2,496.1,0,0,4.2,0.9,6.39
24,5,55,45,0,147.9,0,2,2.0,1.21,2.57
37,4,16,46,21,367.8,0,0,6.3,1.73,9.08
36,4,72,12,0,172.1,0,3,2.0,1.59,3.07
26,5,16,21,10,225.0,1,1,6.7,1.03,9.03
47,1,90,14,0,278.7,0,1,1.9,1.05,3.08
31,5,30,14,1,481.0,0,3,4.0,1.39,8.26
5,2,43,12,0,56.1,1,0,1.3,1.29,1.8
42,4,14,27,28,1427.2,0,1,5.2,0.92,10.7
32,5,21,13,11,220.8,0,0,5.3,0.96,6.68
35,4,92,21,0,599.4,0,0,1.7,1.6,3.18
31,2,28,49,3,1324.1,1,0,4.3,1.14,7.74
30,3,51,45,0,195.6,0,1,1.3,1.6,2.46
5,3,98,47,0,746.1,1,2,1.3,0.99,3.58
31,1,62,11,0,1273.4,0,0,1.7,1.4,4.86
43,5,4,36,39,853.2,0,1,6.5,1.31,10.42
17,1,35,35,0,347.1,0,0,1.4,1.13,2.11
33,3,38,15,0,1113.8,0,0,1.6,1.41,4.35
2,4,27,46,0,1034.8,0,0,1.4,0.92,3.76
19,1,24,26,0,568.8,1,1,1.5,1.66,3.17
24,6,50,49,0,107.6,0,0,1.7,1.54,1.38
54,3,37,14,17,51.5,0,0,4.9,1.09,6.65
12,1,29,36,0,1245.1,1,0,1.9,1.38,3.8
15,4,41,15,0,509.5,0,1,1.5,1.7,3.49
23,4,34,47,0,241.1,0,2,2.0,1.22,3.0
54,4,22,34,32,797.1,0,0,5.6,1.16,9.26
47,5,45,13,2,1384.4,0,1,4.9,1.6,11.08
2,3,94,18,0,52.4,1,1,1.8,0.8,2.1
13,5,50,24,0,122.0,1,0,1.6,1.49,1.62
45,3,59,10,0,648.9,0,0,1.5,1.02,3.29
4,4,98,10,0,1026.9,1,3,1.6,1.49,4.43
47,1,61,47,0,735.1,0,0,1.2,1.24,2.93
16,4,22,49,0,1350.4,1,0,1.2,0.82,3.72
50,2,39,31,11,104.4,1,2,5.2,1.67,8.0
16,5,48,46,0,536.6,0,2,1.7,1.35,3.57
24,5,47,36,0,553.0,0,1,1.1,1.11,3.22
36,6,14,11,22,536.6,1,2,4.0,1.5,7.96
7,6,10,38,0,752.0,0,0,1.1,1.3,3.18
31,1,34,10,0,1194.2,0,1,1.1,0.83,4.78
28,1,91,42,0,504.1,0,0,1.5,1.45,2.24
43,6,71,24,0,1126.9,0,2,1.9,1.77,5.93
54,3,84,15,0,253.8,0,0,1.4,1.02,2.09
36,1,17,20,19,858.7,0,0,6.2,1.66,10.04
23,2,41,37,0,587.6,1,0,1.0,1.42,1.98
22,6,58,43,0,827.2,0,1,1.5,0.88,3.52
23,3,43,32,0,197.3,0,0,1.1,1.53,1.88
44,1,41,16,3,1432.1,0,1,5.1,1.24,11.25
18,5,35,46,0,1363.1,0,0,1.0,1.59,5.62
10,2,5,41,5,1246.5,0,0,5.7,1.44,10.9
19,3,85,26,0,1343.5,0,1,1.7,0.8,5.2
2,1,93,32,0,254.2,0,0,1.7,0.93,1.44
6,4,8,48,0,775.4,0,1,1.2,1.15,3.64
5,3,41,25,0,504.1,0,3,1.9,1.28,4.52
42,6,51,11,0,1335.6,0,1,1.7,1.73,6.65
40,3,78,15,0,316.6,1,0,1.3,1.62,1.83
38,2,98,34,0,361.1,0,0,1.4,1.6,2.28
25,1,41,49,0,1042.6,1,2,1.3,1.34,3.83
39,2,74,39,0,169.8,0,1,1.8,0.89,2.22
9,3,93,34,0,1109.3,0,2,1.5,1.55,5.8
49,1,83,22,0,431.5,0,0,1.1,0.89,2.32
28,3,29,27,0,1005.0,0,1,1.2,0.89,4.13
51,6,81,11,0,1314.6,0,0,1.3,1.06,5.03
9,5,41,24,0,930.0,1,1,1.4,1.72,3.76
27,4,1,34,26,350.5,1,2,3.6,1.55,6.31
38,6,75,46,0,111.8,0,2,2.0,0.88,2.62
27,5,83,46,0,105.1,1,0,1.3,1.72,1.89
25,4,34,42,0,169.7,0,2,1.3,1.58,3.06
9,6,45,10,0,886.5,0,0,1.0,1.4,4.03
21,1,36,42,0,548.4,1,0,1.4,0.93,1.36
13,5,11,18,2,394.9,0,1,6.7,1.12,9.65
17,2,99,34,0,360.2,0,0,2.0,1.1,1.92
37,5,2,47,35,1424.9,0,0,4.0,1.44,9.46
35,6,55,45,0,213.5,0,1,1.1,1.39,2.95
33,3,1,36,32,485.0,0,1,4.1,1.08,7.34
20,1,68,21,0,728.4,0,1,1.8,1.11,3.68
52,3,90,30,0,40.7,0,0,1.2,1.32,1.4
5,3,64,38,0,1384.6,1,1,1.9,1.65,3.68
19,6,60,30,0,184.7,1,0,1.7,0.93,1.0
7,6,82,26,0,1036.4,0,0,1.8,1.53,4.55
19,4,97,26,0,958.1,0,0,1.5,1.8,4.27
52,6,86,33,0,1221.2,0,1,1.2,1.55,5.12
20,3,23,11,0,991.0,0,0,1.8,1.24,4.24
50,3,56,49,0,1163.3,0,0,1.5,1.53,5.31
27,6,81,14,0,655.0,0,2,2.0,1.66,4.38
38,5,29,49,9,753.5,1,2,5.7,1.57,9.97
25,4,67,11,0,1064.4,0,1,1.4,0.81,4.65
15,3,2,30,13,869.9,0,1,4.0,0.93,7.62
42,5,87,26,0,786.8,0,3,1.6,0.91,4.55
53,5,61,32,0,340.1,1,1,1.4,0.83,2.59
15,3,74,27,0,416.8,0,0,1.7,1.51,2.31
43,1,82,45,0,563.4,1,1,1.7,1.07,2.37
15,1,21,10,0,53.6,1,2,1.6,1.52,3.4
39,1,45,49,0,649.4,0,1,1.3,1.47,3.68
43,3,85,37,0,44.0,0,0,1.6,1.32,1.92
25,4,16,41,9,864.9,0,2,4.6,0.86,8.67
40,5,82,15,0,1067.9,0,1,1.8,1.11,4.76
15,2,28,12,0,860.7,0,0,1.7,0.83,3.67
5,5,57,25,0,1052.5,0,4,1.5,1.71,6.75
6,4,50,22,0,40.0,1,1,1.0,1.11,1.76
25,1,68,41,0,126.8,0,2,1.2,0.89,2.61
49,3,83,45,0,1059.8,0,3,1.3,0.8,5.16
7,2,34,27,0,1212.2,0,0,1.6,1.41,5.66
25,6,17,40,8,1087.8,0,1,5.0,1.42,10.44
39,6,42,12,0,1008.0,0,0,2.0,1.79,4.54
11,5,61,39,0,1072.8,0,2,1.6,1.09,5.17
39,4,75,13,0,1119.8,0,2,1.7,0.85,5.82
17,3,75,36,0,1097.6,0,2,1.6,1.58,5.69
44,2,33,25,11,1117.5,0,1,4.7,1.1,9.38
32,5,93,26,0,148.1,1,1,1.6,1.13,2.34
30,1,8,21,22,132.4,0,0,6.5,1.71,8.1
10,2,11,26,0,567.2,1,0,1.5,1.38,2.32
26,1,2,44,24,810.3,0,0,6.7,1.2,10.24
47,3,92,42,0,1153.4,1,2,1.6,1.75,4.58
2,2,18,23,0,528.7,0,1,1.1,1.07,2.58
41,2,60,21,0,441.7,0,1,1.5,0.82,2.66
27,3,81,30,0,1180.9,0,0,2.0,1.03,4.64
39,6,76,37,0,404.0,1,1,1.1,0.84,1.84
36,4,94,17,0,1238.4,0,0,2.0,1.21,4.34
24,5,5,39,19,298.6,0,4,3.8,1.63,8.92
17,6,40,47,0,564.8,1,2,1.6,1.78,4.03
34,6,50,43,0,625.6,0,0,1.3,1.5,3.16
8,3,69,31,0,477.3,0,2,1.0,1.73,4.52
32,6,62,22,0,44.9,1,0,1.0,1.21,1.37
6,6,55,22,0,383.8,0,0,1.4,1.1,2.82
36,6,30,39,6,533.0,1,1,4.7,0.95,7.35
34,3,10,28,24,497.9,1,1,4.0,1.3,6.22
5,2,43,14,0,1186.9,1,0,1.2,1.13,2.93
41,4,25,37,16,109.2,1,0,6.2,0.91,7.08
23,6,55,15,0,607.9,0,0,1.5,1.73,3.58
43,6,79,49,0,94.8,0,0,1.4,0.92,1.08
3,4,55,26,0,1398.7,0,0,1.5,1.54,5.14
10,1,58,23,0,1193.7,1,0,1.9,0.87,3.12
27,3,4,12,23,1474.0,0,3,5.9,1.33,13.44
11,5,64,16,0,1368.8,1,0,1.1,1.47,3.78
18,4,43,47,0,501.1,0,0,1.7,1.03,2.54
36,3,12,31,24,1049.7,0,0,4.6,0.88,8.14
8,3,21,46,0,487.6,0,0,1.9,1.39,2.6
37,1,78,48,0,1336.8,1,1,1.9,1.4,4.07
6,2,91,11,0,639.7,0,0,1.1,1.11,3.13
10,5,50,25,0,588.8,0,0,1.6,1.18,2.95
32,2,97,43,0,1374.5,0,3,1.8,0.85,6.31
43,6,18,29,25,1261.6,0,1,3.7,1.1,8.83
10,1,29,30,0,1451.0,1,0,1.5,1.68,3.48
17,4,93,32,0,137.1,0,0,2.0,0.97,1.92
50,3,17,38,33,395.3,0,2,6.8,1.27,9.57
54,5,65,47,0,479.3,0,1,1.5,1.48,3.55
32,6,21,45,11,659.6,0,3,6.2,1.6,11.35
25,4,33,35,0,730.8,0,0,1.3,0.88,2.88
19,4,47,33,0,465.5,0,1,1.9,1.39,3.27
34,5,35,24,0,1194.1,0,0,1.7,1.43,4.61
32,4,87,14,0,365.9,0,0,1.6,1.0,2.27
16,2,97,38,0,1056.9,0,1,1.1,0.83,3.94
2,3,50,10,0,1283.6,1,1,1.9,1.64,4.51
9,2,52,37,0,921.4,0,0,1.3,1.24,3.64
52,3,5,29,47,557.1,0,0,5.0,0.86,7.3
23,4,23,41,0,314.3,0,1,1.2,1.38,2.69
27,2,3,47,24,236.1,1,0,6.1,1.18,7.63
26,2,85,32,0,1126.5,0,0,1.6,0.88,4.27
43,5,22,32,21,724.9,1,0,6.5,1.09,8.82
4,3,34,29,0,107.6,1,0,1.5,1.13,1.64
5,2,84,24,0,1476.4,1,2,1.4,1.37,5.37
15,5,71,13,0,1020.1,1,0,1.7,1.2,3.06
27,5,62,11,0,1272.5,0,0,1.5,0.91,4.78
37,5,3,38,34,679.8,1,1,4.2,1.44,8.06
27,5,56,46,0,1434.9,1,0,1.0,1.53,3.5
24,6,56,12,0,331.3,0,1,1.0,1.31,3.18
51,4,31,23,20,310.3,0,0,5.5,0.86,7.79
9,2,74,34,0,1339.9,1,2,1.1,0.9,4.45
31,6,92,38,0,1341.9,0,1,1.5,1.74,6.79
30,2,25,39,5,768.6,1,1,3.6,0.99,7.08
26,2,33,37,0,223.6,0,0,1.0,1.11,1.63
44,5,32,13,12,485.6,1,2,5.6,1.49,8.93
15,6,83,20,0,1141.1,0,1,1.5,1.59,5.59
52,3,7,28,45,1275.1,1,0,4.7,1.71,8.38
18,5,89,12,0,547.6,0,0,1.4,1.2,3.71
30,6,77,23,0,129.4,1,0,2.0,1.79,2.29
29,5,48,25,0,1012.0,0,0,1.2,0.9,3.81
46,1,58,49,0,1119.7,0,0,1.5,1.63,4.34
24,4,89,22,0,659.1,0,3,1.3,1.07,4.69
16,2,76,48,0,891.3,0,4,1.8,1.74,6.07
2,6,27,38,0,1481.6,1,0,1.2,1.67,4.48
20,1,5,37,15,397.7,0,3,5.7,1.56,9.17
45,6,65,42,0,876.5,0,1,1.7,1.4,4.94
1,2,14,43,0,932.0,1,0,1.6,1.01,2.46
49,3,8,18,41,841.7,0,3,3.6,1.26,8.32
30,2,98,26,0,1308.9,0,1,1.4,0.83,5.11
8,5,47,31,0,923.3,0,1,1.0,1.51,4.7
17,3,65,49,0,781.5,0,0,1.9,0.92,3.13
30,5,21,11,9,219.6,1,0,6.0,1.06,7.92
18,1,10,29,8,1066.7,0,2,6.1,1.05,11.43
6,3,6,18,0,232.9,0,0,1.1,1.59,2.53
36,6,35,18,1,78.8,0,0,6.8,1.2,8.14
37,6,0,40,37,753.3,1,0,5.8,1.33,8.57
7,2,42,18,0,875.8,0,0,1.5,1.01,3.05
16,3,32,41,0,1498.6,1,0,1.7,1.13,3.79
14,3,52,49,0,1080.0,0,3,1.0,1.31,5.78
36,4,58,41,0,1278.9,0,0,1.9,0.99,5.11
40,4,30,16,10,545.7,1,2,4.0,1.49,7.55
40,1,45,15,0,783.0,0,1,1.3,1.25,4.27
51,5,7,27,44,1462.4,0,0,6.8,1.78,12.85
42,2,30,32,12,649.4,0,0,3.7,1.05,7.24
18,2,97,41,0,1218.6,1,0,1.5,1.2,2.74
6,6,99,26,0,807.9,0,2,1.9,1.72,5.09
34,5,48,16,0,367.0,0,1,1.1,1.69,2.95
50,3,93,49,0,887.4,0,0,1.1,1.28,3.1
53,6,50,46,3,358.4,1,2,6.5,0.92,8.78
13,3,12,36,1,44.4,0,2,5.8,1.21,8.65
13,4,86,37,0,384.4,0,0,1.7,1.39,2.48
3,2,41,47,0,322.0,0,1,1.5,1.05,2.44
8,2,61,28,0,581.5,0,1,1.4,0.99,3.47
30,3,64,15,0,1337.4,0,2,1.8,1.33,6.29
30,4,30,34,0,606.3,1,0,1.3,0.98,2.23
21,5,73,28,0,1274.0,0,0,1.1,1.67,5.42
17,3,50,41,0,851.2,0,0,1.4,0.87,3.49
45,6,36,40,9,51.1,0,0,5.0,1.79,6.78
25,4,29,28,0,315.6,0,0,1.5,1.34,2.61
44,1,74,24,0,1399.7,0,1,2.0,1.78,5.9
53,5,24,26,29,922.1,0,0,3.8,1.55,7.95
18,4,12,35,6,1397.1,0,0,6.7,0.95,12.03
11,3,88,35,0,492.8,1,1,1.8,1.03,2.37
52,3,33,30,19,1086.2,0,0,4.7,0.91,8.56
35,2,64,31,0,1167.2,0,0,1.9,1.53,5.67
16,4,71,49,0,1464.5,1,1,1.6,0.97,4.53
34,4,83,20,0,66.5,0,2,1.4,1.51,2.85
28,3,62,16,0,1430.3,0,0,1.2,1.66,5.41
49,2,70,41,0,611.7,0,2,1.8,1.21,3.35
14,3,83,47,0,1263.5,1,2,1.4,1.46,4.97
54,3,94,34,0,835.3,0,1,1.8,1.7,5.08
51,3,4,26,47,864.4,0,4,6.8,1.55,13.16
10,2,74,23,0,564.7,0,0,1.4,0.93,1.94
9,4,17,28,0,1249.6,0,0,1.3,1.09,4.72
29,2,89,12,0,425.5,0,2,1.2,1.34,3.49
3,4,4,31,0,758.7,0,0,1.5,1.06,3.28
17,1,24,20,0,857.9,1,0,1.7,1.31,3.46
24,3,19,20,5,1124.1,1,0,4.7,1.75,8.65
53,5,60,32,0,728.6,0,0,1.5,1.25,3.53
54,5,0,48,54,1033.2,0,0,7.0,1.06,11.0
9,5,1,18,8,748.5,0,0,4.6,0.95,7.83
49,5,50,46,0,1002.6,0,3,1.0,1.7,5.96
5,1,97,30,0,1024.2,0,0,1.2,1.03,4.15
41,3,52,48,0,1075.8,0,2,1.8,0.99,5.1
46,4,44,25,2,1242.0,1,0,6.0,1.35,9.19
49,5,65,49,0,829.5,0,0,1.0,1.26,3.92
13,4,55,36,0,322.2,0,2,1.4,1.19,2.43
49,6,38,36,11,1032.3,1,0,5.0,1.38,7.96
7,2,58,32,0,152.6,0,0,1.8,1.37,2.02
29,1,0,28,29,359.7,1,2,5.7,0.87,8.72
26,1,24,31,2,1196.5,1,0,6.8,1.21,10.23
18,4,67,44,0,675.2,0,0,1.7,1.52,3.21
2,4,34,41,0,767.1,0,3,1.9,1.18,5.0
42,2,5,10,37,1481.6,0,0,6.9,1.8,13.04
19,5,12,37,7,383.4,1,1,6.3,1.04,9.09
36,5,86,43,0,68.5,0,0,1.1,1.3,1.82
23,3,32,39,0,202.6,1,0,1.4,1.47,2.14
21,2,2,29,19,397.0,0,0,4.3,1.35,6.81
48,5,72,23,0,1099.8,1,1,1.2,0.84,2.9
6,5,53,36,0,1172.7,0,0,1.3,1.31,4.17
40,2,45,36,0,865.6,1,2,1.7,1.77,4.25
41,2,89,24,0,412.4,0,1,1.9,1.21,3.18
21,3,31,26,0,801.7,0,1,1.1,0.92,3.58
15,4,57,24,0,61.8,1,0,1.9,0.82,1.13
1,1,74,11,0,1035.4,0,1,1.2,1.21,4.44
51,6,60,11,0,936.9,0,1,1.9,0.99,3.99
52,3,20,13,32,71.8,1,0,3.8,1.63,6.05
14,3,68,26,0,1232.8,1,2,1.8,1.75,5.23
2,1,74,30,0,1154.6,0,0,1.9,1.74,4.93
7,6,12,26,0,490.0,0,3,2.0,1.17,3.93
4,2,16,48,0,967.6,0,3,1.9,1.25,6.0
45,6,67,18,0,918.2,0,0,1.5,1.12,4.05
49,3,11,25,38,249.0,0,0,5.9,0.93,7.77
9,6,88,19,0,322.2,0,0,1.1,1.36,2.22
41,2,10,21,31,1037.5,0,0,6.1,0.99,9.67
10,1,97,33,0,1403.0,0,2,1.7,0.86,5.96
20,5,67,22,0,881.4,1,0,1.1,1.65,3.65
33,5,44,22,0,869.0,0,1,1.9,1.6,4.31
39,4,26,36,13,984.2,0,3,5.0,1.73,11.21
48,1,34,43,14,683.2,1,4,5.4,1.13,10.47
3,6,74,18,0,119.1,1,0,1.2,1.67,1.77
11,3,75,14,0,618.9,0,3,1.0,1.2,4.57
16,6,20,19,0,1354.4,1,0,1.2,0.87,2.72
17,6,54,33,0,1215.2,0,0,1.6,1.26,4.95
54,6,99,48,0,1394.0,0,0,1.3,1.35,5.07
42,5,25,16,17,263.1,0,1,6.7,1.23,8.69
18,5,69,11,0,778.7,0,0,1.4,1.59,3.48
53,4,17,31,36,893.7,0,0,6.1,1.15,9.88
27,1,83,49,0,346.5,0,0,1.7,1.72,2.16
28,3,17,32,11,333.4,1,2,4.8,0.87,6.86
24,5,29,46,0,1181.8,0,1,1.1,1.52,5.64
8,5,45,35,0,1020.9,0,1,1.8,1.73,5.17
51,4,37,11,14,984.9,0,1,6.2,1.35,10.59
1,5,17,27,0,429.8,0,0,1.2,1.68,2.8
10,1,64,40,0,779.9,1,0,1.7,1.49,3.44
13,3,1,30,12,73.7,1,0,6.7,0.81,8.08
16,4,98,17,0,229.7,1,0,1.1,1.47,1.83
8,6,5,17,3,796.6,1,3,6.2,1.46,10.96
1,2,33,36,0,492.1,0,0,1.8,0.8,2.25
37,2,92,28,0,1449.9,0,1,1.4,1.21,5.28
53,3,15,32,38,728.4,0,2,5.3,0.84,8.64
7,2,7,24,0,162.0,1,2,1.1,1.09,2.15
17,4,74,23,0,66.0,0,0,1.1,1.79,1.43
28,4,7,36,21,1098.9,0,3,5.8,1.74,12.42
51,5,89,10,0,290.4,0,1,1.5,1.48,2.67
38,6,45,27,0,314.2,0,0,1.8,1.17,2.22
42,1,86,24,0,658.8,0,1,1.8,1.2,3.79
32,2,24,41,8,425.5,0,0,4.7,0.84,7.0
23,2,14,39,9,940.2,0,2,4.0,1.14,8.6
11,2,96,27,0,749.1,0,1,1.2,1.58,4.45
47,5,76,20,0,202.7,1,1,1.9,1.32,1.88
44,1,91,19,0,1185.7,1,2,1.5,1.28,4.66
2,1,31,18,0,661.8,0,1,1.8,0.89,3.76
39,6,40,20,0,931.8,1,0,1.4,1.72,3.57
5,6,57,40,0,45.8,1,0,1.6,1.08,1.1
40,2,44,11,0,954.5,0,2,1.6,1.18,5.21
45,2,24,11,21,453.0,1,1,4.5,1.13,6.42
8,4,37,31,0,761.8,1,2,1.5,1.13,2.92
24,4,60,18,0,474.7,0,0,1.2,1.4,2.92
7,6,3,43,4,1494.5,0,0,6.9,1.43,13.06
31,3,33,40,0,377.0,0,2,2.0,1.4,3.15
51,1,29,40,22,1372.8,0,1,4.6,0.87,9.95
5,3,7,28,0,1380.2,1,0,1.7,1.77,4.29
22,4,12,27,10,654.7,0,0,5.6,1.51,8.77
53,4,49,27,4,483.8,0,2,3.6,1.68,7.64
17,4,10,17,7,596.3,1,1,4.2,0.96,6.95
8,6,34,32,0,1484.4,1,0,1.1,1.73,4.31
27,5,56,44,0,943.4,0,0,1.8,1.52,4.25
28,2,87,20,0,835.4,1,0,1.9,1.3,2.39
36,3,9,12,27,92.4,0,0,5.7,0.82,6.77
17,5,43,32,0,1277.9,0,0,1.2,1.05,4.56
52,3,10,25,42,162.4,0,0,4.9,1.64,6.88
29,3,42,41,0,108.6,1,2,1.4,1.18,2.28
16,2,48,44,0,441.3,0,0,1.6,1.48,2.73
52,2,79,48,0,734.7,0,2,1.2,1.53,4.43
50,5,44,25,6,1347.1,0,0,3.6,1.58,9.03
27,6,93,46,0,1193.5,1,0,1.6,1.18,3.1
2,5,13,14,0,328.5,0,0,1.5,1.71,2.32
33,2,5,24,28,583.2,0,0,3.5,1.09,5.57
30,1,0,20,30,1179.2,1,1,5.9,1.64,10.44
9,1,35,46,0,809.6,1,2,1.9,1.22,3.97
35,3,19,34,16,294.8,0,1,4.0,1.03,6.14
46,4,9,24,37,618.2,0,1,5.5,1.14,9.19
6,6,23,16,0,953.9,0,2,1.2,1.6,5.07
40,6,97,41,0,1460.9,0,1,1.8,1.41,6.03
8,1,80,36,0,1006.2,0,1,1.8,0.94,4.18
41,5,1,44,40,63.6,1,1,4.1,0.92,5.58
23,2,91,27,0,1069.3,0,0,1.4,1.49,4.77
1,2,20,15,0,406.3,1,0,1.5,1.04,1.6
53,4,40,23,13,1298.8,0,1,4.5,1.01,9.65
9,1,32,34,0,600.5,1,1,1.7,1.55,3.39
33,3,40,19,0,331.4,0,0,1.8,1.12,2.09
10,4,76,12,0,723.2,0,3,1.3,0.87,4.38
51,2,71,42,0,412.6,0,0,1.1,1.22,2.48
40,4,59,31,0,384.3,0,1,1.2,1.37,3.37
44,3,62,25,0,877.0,0,3,1.9,1.4,5.93
24,5,72,32,0,1160.3,0,0,1.5,0.86,3.71
26,2,18,39,8,1259.0,1,2,4.4,1.25,8.46
35,1,39,10,0,620.6,0,2,1.8,1.16,4.38
43,4,10,27,33,137.5,0,1,4.1,1.25,6.19
46,2,70,20,0,746.6,0,3,1.4,0.84,3.85
1,5,43,13,0,673.3,1,1,1.0,1.1,2.55
36,1,63,11,0,327.6,0,0,1.8,1.44,2.22
6,4,56,27,0,1348.4,0,1,1.7,0.93,5.22
16,6,27,31,0,1462.3,0,0,1.3,1.76,6.21
45,1,13,30,32,115.6,0,0,3.7,1.79,5.5
14,2,97,41,0,1201.8,0,0,1.3,1.16,4.92
44,6,29,28,15,982.7,0,0,3.6,1.48,7.99
26,4,10,33,16,421.7,0,2,3.6,1.44,6.89
13,2,30,42,0,967.3,1,3,1.3,0.97,4.17
19,2,90,36,0,227.8,0,3,1.4,1.19,3.66
29,5,26,46,3,141.3,0,0,3.6,1.78,5.8
42,6,98,18,0,1490.5,0,1,1.5,0.93,5.87
33,3,46,41,0,969.1,1,1,1.4,1.38,3.39
51,3,86,37,0,409.7,1,0,1.5,1.4,2.3
47,5,65,33,0,697.0,0,1,1.7,0.97,3.37
41,2,4,10,37,1427.1,1,0,7.0,1.34,11.68
33,2,50,31,0,680.5,0,3,2.0,1.72,4.85
16,5,41,44,0,1354.6,0,0,1.5,0.92,5.73
23,2,20,35,3,1308.5,0,2,3.6,0.99,9.1
7,5,54,10,0,542.5,1,2,1.3,1.06,3.53
21,3,10,21,11,1056.2,0,1,6.9,1.55,12.31
51,6,69,32,0,1004.3,0,0,1.7,1.38,3.93
23,1,82,42,0,1166.0,0,0,1.4,1.3,4.84
7,6,9,27,0,574.3,0,3,1.5,1.59,4.71
36,2,47,44,0,116.3,1,0,1.2,1.78,2.08
52,1,65,41,0,289.7,0,0,1.7,1.0,1.88
47,5,6,20,41,940.2,1,3,6.6,1.61,11.35
15,4,38,17,0,1171.6,0,1,1.3,1.17,4.92
25,6,25,46,0,1143.8,1,1,1.1,0.95,3.58
29,1,3,33,26,892.2,1,0,5.4,1.06,7.67
14,1,80,43,0,163.7,0,0,1.2,1.2,1.36
15,4,44,46,0,65.2,0,2,1.7,1.7,3.32
13,6,75,26,0,1181.9,0,0,1.7,1.28,4.81
54,3,58,11,0,842.1,0,0,1.5,1.41,3.36
41,5,87,46,0,1182.8,0,0,1.4,0.83,3.86
46,6,99,33,0,277.7,1,1,1.9,0.86,1.14
45,6,60,14,0,634.8,0,0,1.9,1.74,3.87
52,4,35,31,17,1382.0,0,2,4.2,1.64,11.13
6,5,42,11,0,290.5,0,0,1.7,1.29,1.74
48,4,82,21,0,129.8,0,0,1.8,1.0,1.6
4,5,42,23,0,994.1,0,3,1.7,0.84,6.03
26,4,51,28,0,908.0,0,3,1.2,1.78,5.49
33,4,19,32,14,1430.0,1,1,4.1,0.81,7.7
20,3,99,43,0,1363.4,0,3,1.2,1.04,6.04
8,4,65,24,0,1134.2,0,0,1.8,1.48,5.05
11,5,33,39,0,68.0,0,0,1.7,1.74,1.9
45,6,58,47,0,741.4,0,0,2.0,0.92,2.9
18,4,40,39,0,1348.3,0,0,1.1,1.57,5.5
17,1,15,20,2,673.1,0,1,3.8,1.13,7.21
50,4,87,37,0,1444.7,0,2,1.7,1.48,6.57
8,2,88,21,0,992.6,1,0,1.9,0.9,2.7
50,1,83,29,0,199.8,0,0,1.9,1.66,2.02
50,1,36,35,14,783.5,0,4,4.2,1.51,9.98
33,4,25,21,8,1055.6,1,1,4.3,1.76,8.36
9,6,4,10,5,135.4,1,0,3.7,1.3,5.26
9,4,73,43,0,543.2,0,0,2.0,1.69,3.45
16,3,32,39,0,1086.9,1,0,1.6,1.34,3.41
32,1,89,14,0,269.3,1,0,1.8,1.31,1.25
9,5,86,25,0,548.6,0,0,1.1,0.89,2.95
25,1,12,20,13,1047.3,0,0,5.4,1.61,10.02
7,6,91,49,0,1172.3,0,0,1.1,1.21,4.44
30,5,14,47,16,797.0,0,0,5.2,1.4,8.56
2,6,49,37,0,1437.0,1,0,2.0,1.45,4.61
39,2,47,27,0,1391.0,0,0,1.6,1.57,6.37
3,1,95,12,0,731.2,0,0,1.5,1.38,4.12
11,2,65,19,0,274.0,0,2,1.8,1.42,3.35
10,5,87,13,0,1168.5,0,1,1.6,1.32,5.33
45,2,59,41,0,395.0,1,0,1.5,1.41,2.61
3,6,82,13,0,1270.5,0,0,1.6,1.24,4.79
24,1,85,37,0,897.2,0,1,1.5,1.58,4.88
32,1,85,48,0,615.4,0,0,1.6,1.61,3.45
28,2,41,22,0,852.3,1,1,1.8,1.32,4.0
37,5,38,37,0,817.9,1,4,1.5,0.95,5.05
44,4,98,45,0,1390.1,0,0,1.4,1.17,5.09
22,3,75,27,0,353.0,0,0,1.6,1.64,3.18
45,4,91,27,0,1395.1,0,0,1.9,1.72,5.7
18,4,57,18,0,85.8,0,1,1.4,1.07,1.67
54,4,92,27,0,1163.0,0,0,1.8,1.74,4.96
28,4,71,44,0,1382.7,0,1,1.6,1.08,5.63
40,1,74,36,0,615.3,1,0,1.0,1.72,2.5
48,2,17,18,31,146.7,0,1,6.0,1.74,8.53
43,4,56,31,0,1214.8,0,1,1.2,1.3,4.82
46,1,73,38,0,1270.6,1,0,1.2,1.75,3.64
29,3,76,13,0,530.9,0,4,1.2,1.35,5.15
3,1,95,40,0,797.1,1,2,1.7,1.18,4.01
27,5,32,18,0,1221.8,0,0,1.6,1.61,5.42
10,1,30,21,0,320.4,1,4,1.5,0.91,3.81
49,1,96,26,0,958.3,0,2,1.5,1.02,4.32
13,4,98,30,0,668.7,1,0,1.4,1.01,1.85
13,2,17,46,0,294.6,1,1,1.9,1.42,2.41
14,3,37,18,0,1253.9,0,1,1.9,1.51,5.98
35,2,94,20,0,514.0,0,1,1.8,1.64,3.46
31,2,19,25,12,1404.3,0,3,4.3,1.7,11.24
52,5,78,44,0,870.6,0,0,1.9,1.68,4.67
23,5,11,48,12,791.2,1,0,4.4,1.48,6.98
16,2,17,28,0,658.0,0,0,1.1,1.71,3.2
3,5,78,37,0,625.0,1,1,1.3,1.08,2.78
1,5,60,46,0,1234.2,0,0,1.3,1.53,5.04
21,4,55,43,0,1029.2,0,0,1.7,0.88,3.65
50,4,85,37,0,1169.6,1,0,1.5,0.93,2.94
29,6,30,31,0,654.8,0,1,1.3,1.03,3.13
49,3,50,49,0,421.7,0,0,1.2,0.9,1.93
6,3,60,19,0,166.8,0,0,1.5,1.77,2.23
6,4,73,24,0,1173.9,0,0,1.7,1.27,3.91
46,6,33,38,13,646.3,0,0,4.1,1.71,7.99
6,5,63,10,0,783.5,0,0,1.3,1.28,3.04
3,1,44,30,0,725.2,0,0,1.6,1.5,3.24
22,3,54,44,0,669.5,1,1,2.0,1.12,3.17
50,5,86,17,0,1038.5,0,0,1.2,1.75,4.92
38,2,39,42,0,928.8,0,0,1.5,0.83,3.51
6,6,66,26,0,1459.2,0,1,1.4,1.5,5.62
46,5,94,44,0,242.8,0,0,1.2,1.75,2.23
46,6,76,35,0,877.3,1,0,1.9,1.59,3.02
44,1,98,16,0,132.3,0,0,2.0,1.63,1.96
49,4,58,39,0,1219.6,0,0,1.4,1.1,4.98
13,4,28,12,0,939.8,0,0,1.3,1.25,4.63
53,4,99,19,0,665.4,0,4,1.1,0.94,5.26
18,6,64,45,0,1211.3,0,0,1.6,1.18,4.45
44,3,24,45,20,704.3,0,1,3.9,0.81,7.7
32,4,31,11,1,372.6,0,2,5.8,1.58,9.34
43,5,26,25,17,729.9,0,0,6.6,1.75,9.52
34,5,83,13,0,143.4,0,1,1.7,1.5,2.02
35,5,9,20,26,1350.9,0,0,6.4,1.61,11.04
34,3,73,48,0,1107.2,0,1,1.1,1.31,4.89
43,6,55,17,0,1150.1,0,3,1.8,0.99,5.86
40,1,7,35,33,1316.8,0,0,6.2,1.52,10.92
8,3,61,42,0,1195.7,0,2,1.2,1.1,5.32
45,4,75,45,0,670.5,0,0,1.9,1.26,2.68
29,1,72,24,0,213.2,0,1,1.6,1.7,2.81
18,3,52,37,0,585.1,0,0,1.5,1.17,2.54
28,4,33,29,0,1403.8,0,0,1.7,1.09,5.45
53,4,16,14,37,1425.7,0,0,7.0,0.83,11.96
47,1,1,18,46,1161.1,0,3,5.2,1.5,12.23
46,2,35,39,11,338.5,0,1,6.3,1.02,8.68
25,2,63,37,0,323.9,0,2,1.7,1.44,4.22
43,4,3,30,40,1324.5,0,0,6.5,1.17,11.46
21,2,99,41,0,247.2,0,0,1.4,1.59,2.11
38,4,58,37,0,892.8,0,0,1.3,1.69,5.08
35,5,29,23,6,592.2,1,0,7.0,1.04,8.42
14,5,96,21,0,480.9,1,0,1.9,1.59,2.22
15,2,18,47,0,1029.0,0,3,1.2,0.95,4.96
4,6,95,48,0,1441.0,0,2,1.9,0.94,5.51
8,1,28,11,0,1175.3,0,0,1.2,1.23,3.86
24,1,37,41,0,749.8,1,0,1.0,1.12,2.62
26,1,42,15,0,683.4,0,1,1.2,1.79,3.83
9,2,99,44,0,1365.2,0,1,1.5,1.6,5.96
23,6,25,33,0,884.0,1,1,1.3,1.69,4.07
33,2,97,37,0,765.1,0,0,1.9,0.94,3.29
13,5,34,38,0,1036.9,0,0,1.5,1.51,4.62
19,3,28,34,0,386.2,0,0,1.1,1.4,2.93
20,1,63,20,0,133.1,0,3,1.6,0.9,3.49
28,3,69,42,0,1288.5,1,1,1.4,1.59,3.91
20,1,34,32,0,926.6,0,3,1.7,1.65,6.12
40,3,13,31,27,280.7,0,0,4.1,1.71,6.52
18,4,39,22,0,475.1,0,0,2.0,1.74,3.05
24,4,54,10,0,1485.3,0,0,1.6,0.91,4.62
21,2,4,32,17,966.3,1,2,6.3,1.68,10.55
10,5,7,23,3,968.7,1,0,6.0,1.75,9.26
38,4,91,36,0,145.4,1,1,1.4,1.49,2.79
13,2,3,24,10,1454.7,1,0,5.3,0.98,8.37
17,3,40,48,0,1343.5,0,0,1.0,1.2,4.2
43,1,76,37,0,839.8,0,0,1.2,0.89,3.29
52,6,32,28,20,491.7,0,0,5.4,0.8,7.16
37,5,49,38,0,1059.2,0,2,1.9,1.72,5.8
50,2,8,35,42,1256.7,0,4,5.6,1.77,13.39
47,5,79,34,0,1187.7,0,1,2.0,1.72,5.63
26,5,63,33,0,1466.5,0,0,1.8,1.05,5.09
42,4,85,47,0,969.8,1,1,1.0,1.42,3.58
18,1,86,22,0,509.0,0,0,1.9,1.3,3.05
25,6,35,27,0,767.0,0,2,2.0,1.3,4.19
29,6,4,20,25,1231.8,1,1,4.8,1.23,8.95
52,6,34,32,18,427.4,0,0,5.3,1.74,7.91
46,6,14,49,32,377.9,0,0,4.9,1.59,7.78
27,6,53,34,0,1098.3,0,0,1.6,1.65,4.25
36,5,14,18,22,688.9,1,0,6.3,0.83,8.5
11,1,92,46,0,1232.2,1,3,1.6,1.21,4.94
44,3,60,41,0,249.8,0,1,1.3,1.4,2.7
30,2,25,27,5,530.1,0,0,5.9,1.46,9.21
29,2,92,15,0,431.4,0,0,1.8,1.69,2.64
42,5,76,26,0,1058.9,0,1,1.8,0.97,4.54
35,5,43,42,0,1148.6,1,0,1.1,0.89,2.97
4,4,14,33,0,705.8,0,0,1.4,1.69,3.6
16,5,34,17,0,737.9,1,1,1.0,1.31,3.38
10,1,58,16,0,232.8,1,0,1.6,1.34,1.85
40,2,76,48,0,1064.7,0,0,1.2,1.69,4.53
2,6,26,27,0,1488.8,1,0,1.9,1.55,4.54
11,3,74,37,0,1175.8,0,0,1.6,1.53,5.09
33,4,28,24,5,365.7,0,3,7.0,0.99,10.39
38,3,24,13,14,949.8,1,2,5.2,1.42,9.05
28,2,44,26,0,470.6,0,4,1.2,1.25,4.72
47,5,16,37,31,84.1,1,3,6.0,1.41,9.36
50,5,40,23,10,302.5,0,0,6.5,1.38,7.97
8,5,35,34,0,189.8,0,0,1.6,0.83,1.09
52,3,28,27,24,326.1,1,1,3.9,1.14,5.95
34,4,77,23,0,1201.6,0,0,1.2,1.26,4.19
35,6,33,20,2,467.5,0,4,3.7,1.3,8.18
6,4,69,20,0,1145.3,0,0,1.0,0.9,4.22
34,3,72,20,0,1425.3,0,0,1.4,1.7,5.6
40,2,66,38,0,878.4,0,1,1.7,1.13,4.05
32,4,26,23,6,748.7,1,2,6.8,1.29,9.99
5,3,82,39,0,1135.2,0,1,1.9,1.46,5.18
29,4,23,22,6,181.8,1,1,5.5,1.52,7.36
51,1,27,23,24,665.2,1,0,4.6,1.18,7.43
40,2,87,46,0,768.3,0,1,1.1,0.93,4.29
8,5,33,45,0,1253.3,0,1,1.3,1.01,4.98
52,3,69,26,0,1228.8,0,0,1.9,0.97,4.09
52,3,4,20,48,1278.5,1,1,5.0,1.04,9.08
10,4,61,38,0,1058.9,0,0,1.3,1.4,4.63
44,3,86,12,0,814.6,0,0,1.2,1.34,4.32
22,5,70,28,0,1248.7,1,3,1.1,0.97,5.51
33,2,58,33,0,1315.0,0,0,1.8,1.48,4.53
25,5,84,37,0,741.5,0,1,1.4,0.86,3.93
43,2,29,14,14,1479.1,1,0,6.9,1.71,11.07
54,3,37,10,17,1317.2,0,3,5.1,1.37,12.08
43,4,6,21,37,785.3,0,0,4.7,1.39,8.61
51,6,69,14,0,141.2,0,0,1.1,1.09,1.75
52,2,72,30,0,367.8,1,2,1.2,1.31,3.39
5,4,75,46,0,1173.5,1,1,1.3,1.23,3.6
14,1,74,21,0,202.3,1,0,1.2,1.75,1.76
39,1,12,28,27,725.9,1,0,6.9,0.88,9.44
32,5,66,18,0,923.1,0,0,1.8,1.26,3.59
3,5,76,11,0,1322.4,0,3,1.3,1.59,7.67
6,3,20,38,0,1276.8,0,1,1.5,1.34,5.27
29,4,47,20,0,1155.8,1,3,1.5,1.37,4.87
34,3,91,31,0,635.2,1,3,1.6,1.71,4.38
10,2,41,37,0,247.7,0,0,1.1,1.18,1.35
10,3,75,43,0,1017.7,1,1,1.3,0.8,2.56
7,2,53,17,0,304.7,0,1,1.1,1.73,3.47
31,5,65,33,0,859.5,0,2,1.9,0.83,3.78
1,3,62,46,0,1471.8,0,1,1.4,1.6,7.24
31,2,65,29,0,843.5,1,0,1.7,0.94,2.35
26,4,77,11,0,982.5,0,3,1.9,0.82,4.92
26,5,90,20,0,1029.3,0,1,1.3,1.15,4.79
37,2,29,41,8,1252.4,1,2,6.9,1.66,10.95
29,6,92,41,0,675.1,0,0,1.3,0.84,2.65
40,3,62,22,0,766.4,0,0,1.7,1.06,3.18
42,4,59,17,0,296.9,1,1,1.5,1.08,1.7
50,6,32,21,18,937.4,0,1,5.8,0.89,9.7
44,3,41,19,3,471.8,0,0,4.3,0.89,7.07
28,2,65,39,0,781.1,0,0,1.7,1.71,4.01
27,5,36,43,0,1159.2,1,1,1.7,1.5,4.18
13,1,28,11,0,65.7,0,4,1.1,1.11,3.22
33,3,81,39,0,863.3,0,0,1.8,1.04,3.04
8,6,41,40,0,293.2,1,0,1.3,0.84,1.26
51,3,64,34,0,447.9,0,0,1.1,1.16,1.58
46,5,3,44,43,90.7,1,0,5.9,1.1,6.77
7,4,7,11,0,287.4,1,0,1.7,1.72,1.77
43,2,84,37,0,1480.5,1,0,1.7,1.02,2.84
7,2,14,15,0,1497.8,0,1,1.5,1.21,6.27
39,4,79,45,0,1091.0,0,0,1.3,1.48,4.55
5,1,90,29,0,933.3,0,0,1.4,1.12,3.57
27,3,48,13,0,1174.4,1,4,1.4,1.58,6.03
36,3,88,39,0,1349.0,1,0,1.4,1.53,3.27
40,6,42,39,0,798.2,0,1,1.5,0.84,3.2
23,1,95,28,0,91.5,0,0,1.5,1.66,2.31
50,6,23,22,27,1075.7,0,2,4.3,1.16,10.43
42,3,42,10,0,1477.5,0,2,1.3,0.9,6.46
12,4,38,46,0,416.8,1,0,1.1,1.5,2.38
37,4,78,17,0,716.7,1,1,1.6,1.55,3.12
40,2,4,43,36,567.5,0,1,5.4,0.87,8.25
19,6,82,33,0,610.1,1,0,1.7,1.15,2.28
40,2,2,37,38,1093.2,0,1,6.1,1.7,11.95
49,1,31,37,18,592.5,0,0,3.5,1.47,6.81
45,5,59,44,0,1414.0,0,0,1.2,1.33,5.71
42,4,14,11,28,1192.9,0,4,3.8,1.3,10.39
35,6,49,49,0,80.4,1,0,1.8,1.41,1.76
15,3,99,11,0,1235.1,0,0,1.1,1.45,4.74
43,1,82,49,0,1168.4,0,0,1.2,0.87,4.26
20,1,3,20,17,794.1,0,4,6.3,1.13,12.11
29,3,59,43,0,765.4,0,0,1.3,1.33,3.33
17,2,59,13,0,1259.9,0,0,1.9,1.53,4.77
17,6,6,28,11,660.2,0,1,4.2,1.54,8.3
9,1,65,31,0,272.8,0,1,1.4,1.41,2.69
52,6,52,48,0,496.8,0,0,1.2,1.39,2.86
8,2,68,14,0,427.2,1,4,1.5,1.17,4.33
5,1,29,11,0,1034.3,0,0,1.5,1.63,5.04
51,2,25,35,26,301.2,0,1,5.0,1.72,8.36
30,1,73,11,0,981.4,0,1,1.0,1.65,5.19
24,3,72,41,0,720.3,0,0,1.1,1.67,3.55
40,2,16,11,24,1265.9,0,2,3.7,1.71,10.01
21,4,21,48,0,748.1,0,1,1.4,1.0,3.85
7,4,58,31,0,1397.5,1,0,1.6,1.31,3.58
40,1,82,47,0,1354.7,0,0,1.9,1.33,5.36
10,1,20,15,0,310.5,0,0,1.2,1.29,1.89
30,1,21,20,9,1041.8,1,2,3.7,1.65,8.91
52,2,80,28,0,353.4,0,0,1.2,1.13,2.21
51,1,69,11,0,1242.0,0,2,1.0,0.96,5.65
20,2,90,14,0,968.2,0,0,1.6,1.07,3.67
43,4,78,23,0,469.4,0,4,1.2,0.94,5.15
34,2,95,39,0,403.7,0,2,1.9,1.2,3.01
26,2,18,38,8,667.2,1,0,4.6,0.92,6.42
8,3,27,13,0,1209.1,0,0,1.1,0.89,4.64
21,4,23,12,0,1202.4,1,2,1.2,1.25,4.5
36,2,5,36,31,88.7,1,0,5.9,1.4,7.25
54,2,77,24,0,481.3,0,0,1.9,1.41,2.59
1,3,66,41,0,657.4,0,2,1.1,0.89,3.77
39,1,8,21,31,894.9,0,2,3.8,1.77,9.26
46,3,19,24,27,258.3,0,1,5.4,0.92,8.15
52,6,19,18,33,529.5,1,2,5.9,1.46,9.58
23,3,40,20,0,1333.0,0,1,1.2,1.69,6.41
7,1,45,38,0,735.8,1,1,1.8,1.68,3.34
15,5,28,28,0,1126.4,0,0,1.7,1.31,4.71
46,1,93,36,0,747.8,0,1,1.0,1.08,3.22
48,2,21,13,27,718.9,0,1,6.2,1.63,10.5
35,1,56,31,0,948.0,0,1,1.5,1.41,4.71
7,6,43,28,0,418.7,0,4,1.5,1.59,5.62
7,6,38,46,0,404.7,0,0,1.8,1.2,2.9
26,4,82,26,0,1484.5,0,1,1.4,1.71,6.41
32,4,97,14,0,1308.7,0,0,1.9,1.73,5.18
2,4,0,37,2,1117.1,1,0,6.7,1.54,9.88
38,4,46,15,0,240.2,0,0,1.9,1.74,2.32
30,4,11,46,19,84.1,0,3,6.2,1.25,9.8
1,6,43,25,0,296.1,1,0,1.6,0.99,1.64
6,5,61,41,0,1409.1,1,1,2.0,1.46,4.61
25,1,41,36,0,1231.8,1,1,1.4,1.45,4.4
40,3,30,28,10,803.7,1,2,5.2,1.29,8.62
45,6,31,33,14,1454.4,0,1,3.7,1.06,9.22
24,3,29,17,0,254.0,0,0,1.3,1.42,2.33
16,2,32,12,0,856.4,0,0,1.6,0.98,3.15
53,6,37,40,16,307.5,0,1,4.7,1.55,7.14
25,4,68,48,0,487.4,1,0,2.0,1.71,2.17
18,4,9,44,9,1412.6,0,0,4.6,0.97,9.98
24,3,4,22,20,1307.7,1,0,4.8,1.62,8.53
1,1,51,24,0,188.6,1,0,1.8,1.0,1.4
17,3,68,24,0,404.3,0,4,1.8,1.3,4.29
28,3,25,38,3,908.0,0,3,6.6,1.73,12.71
50,6,20,34,30,129.6,1,1,6.6,0.88,8.16
40,2,62,41,0,843.1,1,0,1.5,0.89,2.49
43,1,38,47,5,893.4,1,4,4.4,1.76,9.72
30,3,73,25,0,464.8,1,1,1.6,0.96,2.48
6,6,14,36,0,468.0,0,3,1.8,1.14,3.94
22,3,12,30,10,374.5,0,0,5.5,1.26,7.8
54,3,55,48,0,1406.1,0,0,1.6,0.81,4.73
3,5,39,24,0,607.8,0,1,1.8,0.99,3.29
48,4,72,17,0,894.5,0,2,1.6,1.63,5.38
37,2,50,25,0,480.3,0,0,1.6,1.32,2.52
16,6,35,34,0,1065.9,1,0,1.5,1.19,2.98
43,4,15,48,28,188.1,0,1,5.1,1.48,7.73
46,1,16,43,30,144.6,1,4,4.2,1.12,7.95
3,3,75,10,0,1126.7,0,1,1.8,1.24,4.98
6,6,22,30,0,1100.9,0,3,1.3,1.79,6.27
36,3,50,16,0,426.9,0,1,1.5,1.57,3.37
54,4,81,24,0,558.4,1,2,1.9,1.35,3.64
2,4,89,47,0,1437.6,1,0,1.9,1.33,3.33
36,5,26,49,10,192.3,0,0,5.0,1.64,6.73
8,6,10,16,0,307.4,0,1,1.7,1.4,2.6
36,1,77,15,0,667.9,0,1,1.7,1.14,3.53
34,4,68,37,0,451.9,0,0,1.1,1.22,1.74
5,4,33,26,0,987.6,0,0,1.8,0.98,4.0
37,1,59,27,0,1048.3,0,1,1.3,1.76,5.24
49,5,18,44,31,808.5,1,2,6.0,1.45,9.11
47,1,70,46,0,932.3,1,0,1.0,1.2,2.41
2,3,72,46,0,672.8,0,3,1.9,1.16,4.63
14,2,29,41,0,1150.2,1,0,1.5,1.71,3.06
14,1,46,49,0,101.5,0,0,1.1,1.16,1.79
25,5,33,38,0,496.8,1,0,1.6,1.56,2.48
8,2,3,45,5,1039.3,0,0,4.4,1.64,9.25
47,2,12,31,35,521.3,0,0,5.8,1.71,8.64
42,6,95,12,0,154.7,1,1,1.7,1.17,2.13
44,6,45,42,0,543.7,0,1,1.6,1.57,3.44
11,1,14,47,0,1078.8,1,0,1.1,1.13,2.91
1,2,4,22,0,218.1,1,2,1.9,1.74,3.34
50,5,35,27,15,1098.0,0,3,4.7,0.81,10.27
16,5,98,32,0,1172.2,0,0,1.8,1.37,5.0
36,6,38,36,0,967.5,0,0,1.0,1.31,4.12
50,4,99,36,0,396.6,0,0,1.8,1.68,2.65
2,1,48,25,0,1215.7,0,1,1.3,1.02,5.34
1,6,76,44,0,353.1,1,0,2.0,0.89,1.86
1,1,78,42,0,1362.5,0,1,1.1,1.65,6.12
9,1,2,47,7,1071.7,0,1,4.6,1.15,9.83
3,5,0,33,3,119.9,0,1,6.3,1.12,8.23
45,4,92,13,0,1207.0,1,0,1.8,0.91,2.93
33,1,93,43,0,779.4,1,0,1.7,1.72,3.06
53,2,13,13,40,700.9,0,0,3.9,1.43,7.29
44,4,64,17,0,653.9,0,2,1.4,1.49,4.35
53,2,92,21,0,925.7,1,1,1.9,1.7,3.59
13,5,95,17,0,1097.9,0,1,1.4,1.64,4.98
16,3,29,38,0,1348.1,1,1,1.1,1.25,4.15
46,4,81,27,0,438.5,1,0,1.8,0.96,2.13
14,3,64,18,0,960.9,1,0,1.5,1.47,3.4
4,3,92,10,0,1042.1,0,0,1.6,1.45,4.56
37,3,14,18,23,1025.2,1,0,4.5,0.85,7.54
44,5,60,37,0,759.8,1,0,1.7,1.7,3.01
53,4,2,41,51,610.9,0,0,4.0,1.14,6.54
51,4,35,21,16,1153.1,1,1,6.0,1.23,9.63
7,4,1,12,6,478.0,0,0,5.7,1.31,8.35
42,2,44,32,0,343.8,1,0,1.7,1.71,2.12
46,6,81,41,0,836.9,0,0,1.3,0.97,3.57
38,4,65,12,0,430.7,0,0,1.2,1.17,2.73
45,5,31,41,14,88.5,0,0,5.4,1.3,6.35
46,6,42,16,4,115.3,0,0,6.6,1.79,8.67
25,6,36,20,0,1054.7,0,0,1.2,1.24,3.24
3,5,73,34,0,1460.8,1,4,1.7,1.2,5.87
25,5,26,12,0,703.8,0,0,1.3,1.74,3.71
11,3,9,22,2,254.7,1,0,3.9,1.46,6.42
7,5,50,15,0,1234.4,0,0,1.6,0.96,5.0
7,2,82,18,0,421.7,0,0,1.4,0.98,2.51
38,5,47,40,0,1493.6,1,1,1.7,1.44,4.21
28,1,20,19,8,862.4,0,0,4.5,1.27,7.88
30,6,4,11,26,379.6,1,2,7.0,0.81,9.18
41,2,94,18,0,764.2,1,3,1.5,1.25,4.74
30,4,76,13,0,529.7,0,1,1.4,1.74,3.48
35,1,15,34,20,1178.0,1,0,6.3,1.55,9.73
5,1,7,48,0,194.5,0,0,1.4,1.36,1.6
46,6,12,16,34,1291.2,0,0,5.0,1.0,9.25
25,6,37,39,0,1160.3,0,1,1.1,1.14,5.12
9,2,81,24,0,1297.6,1,0,1.2,1.8,4.08
44,1,15,12,29,1346.7,0,1,6.3,1.46,11.38
40,5,81,37,0,375.5,0,0,1.6,1.08,1.7
3,6,0,18,3,800.7,1,0,4.7,1.54,7.7
11,2,73,30,0,1280.9,0,0,1.0,0.89,4.52
1,4,28,30,0,591.0,1,0,1.9,1.17,2.04
15,2,96,33,0,128.2,0,1,1.7,1.03,2.16
6,5,47,15,0,465.8,0,1,1.8,1.7,3.08
39,3,27,20,12,393.2,0,0,4.6,1.54,7.06
29,1,24,39,5,1310.3,0,0,6.7,1.3,11.93
53,2,82,47,0,717.2,0,2,1.0,1.21,4.13
41,4,40,10,1,1038.0,1,0,6.0,1.66,9.55
34,5,35,26,0,1444.7,1,1,1.2,1.0,3.63
28,1,73,45,0,476.8,0,0,1.2,0.87,1.94
3,6,53,21,0,1151.4,0,1,1.3,1.65,4.87
4,4,66,27,0,73.2,0,1,1.9,1.66,1.7
34,6,44,46,0,192.0,0,0,1.3,1.04,1.42
1,6,6,48,0,276.3,0,0,1.4,1.0,1.95
3,1,0,36,3,496.1,0,0,3.9,1.52,6.8
12,1,3,37,9,628.4,1,0,6.1,0.94,8.52
48,5,57,34,0,736.4,1,1,1.8,1.42,3.09
25,2,51,21,0,398.2,1,0,1.5,1.5,1.44
39,1,74,45,0,136.7,0,0,1.0,1.42,1.93
23,3,89,11,0,1029.2,0,2,1.2,1.23,4.89
10,6,17,12,0,74.5,0,2,1.3,1.62,2.98
21,5,95,34,0,1221.8,0,0,1.4,1.73,4.42
5,4,93,43,0,1396.6,0,1,1.4,1.51,5.95
42,2,61,42,0,1077.1,1,0,1.5,1.22,3.31
10,3,53,37,0,910.1,0,1,1.4,1.8,5.15
21,5,17,25,4,999.2,0,0,5.8,1.25,9.82
53,1,17,24,36,992.2,0,1,5.8,0.92,10.09
32,4,1,27,31,1400.3,1,0,4.4,0.98,7.61
25,1,64,20,0,1447.9,0,0,1.8,1.15,5.18
30,2,43,26,0,663.0,1,2,1.3,0.97,3.43
43,2,19,14,24,940.9,0,0,4.4,1.58,8.41
14,5,13,22,1,1212.1,0,0,6.6,0.81,10.64
35,6,6,47,29,41.5,1,0,4.3,1.21,5.03
48,1,64,38,0,809.4,0,1,1.4,1.68,4.77
31,5,68,15,0,993.2,1,0,1.1,0.92,2.51
25,4,63,21,0,1087.1,0,1,2.0,1.38,4.59
8,6,11,20,0,578.4,0,0,1.7,1.73,3.67
14,6,4,21,10,471.6,0,1,4.9,0.87,7.63
52,1,10,37,42,305.9,1,2,3.7,1.15,6.2
30,5,75,45,0,854.4,1,0,1.8,0.84,2.6
17,4,73,38,0,1382.2,0,1,1.6,1.48,5.84
23,1,29,29,0,1348.1,0,0,1.5,1.22,4.5
32,2,5,16,27,565.6,0,0,5.8,1.75,9.48
30,6,31,15,0,416.5,0,1,1.4,1.49,2.92
38,4,80,42,0,1191.6,0,2,1.4,1.4,6.94
14,3,14,37,0,1098.5,0,2,1.7,1.71,5.77
36,2,79,30,0,777.8,1,3,1.6,0.93,3.19
24,6,46,33,0,608.0,0,0,2.0,1.58,3.91
51,2,14,43,37,220.7,0,1,4.5,1.53,7.17
9,1,93,42,0,1186.3,1,0,1.3,1.47,3.57
9,4,51,13,0,941.5,0,3,1.3,1.44,5.89
25,6,67,25,0,590.2,1,1,1.5,0.92,1.99
28,2,9,11,19,1381.4,0,0,4.7,1.61,9.48
38,2,37,25,1,1003.1,0,2,5.7,1.44,11.77
22,3,63,35,0,1396.7,0,1,1.4,1.57,5.54
50,2,64,18,0,732.6,0,3,1.4,1.68,5.98
26,4,6,16,20,703.7,1,1,3.9,1.34,7.16
7,2,60,29,0,1408.4,0,2,1.5,1.76,6.93
7,1,94,30,0,1441.3,0,0,1.0,0.91,4.85
53,2,78,38,0,1442.7,0,0,1.6,0.8,5.71
8,6,20,10,0,1235.6,0,1,1.3,1.13,4.95
52,6,91,19,0,715.1,0,0,1.9,1.02,2.81
16,4,68,41,0,347.0,1,0,1.5,1.35,2.16
6,3,5,37,1,599.8,0,4,5.1,1.08,9.84
17,5,12,45,5,1409.9,0,2,6.6,1.49,12.85
34,2,92,42,0,570.8,0,3,1.9,1.75,4.99
24,4,20,43,4,1144.8,0,0,4.6,1.57,9.66
43,5,9,30,34,1387.6,0,0,4.6,1.22,10.42
33,5,45,48,0,1456.8,1,2,1.3,1.79,6.1
22,2,52,26,0,1423.6,1,0,1.7,1.57,3.37
35,5,57,46,0,850.4,0,0,1.5,1.61,4.39
53,4,65,25,0,758.1,0,0,1.6,1.0,2.8
23,6,99,27,0,1482.0,0,2,1.7,1.49,6.48
9,2,75,37,0,358.5,1,0,1.1,0.87,1.28
23,4,2,25,21,313.8,0,0,6.4,1.04,8.11
46,5,8,15,38,1446.2,0,0,6.7,0.82,11.26
12,2,0,45,12,1046.2,1,0,4.2,1.51,6.67
52,5,39,28,13,823.0,0,1,6.0,0.82,10.21
32,1,35,47,0,232.8,1,1,1.7,1.25,2.5
33,5,93,25,0,789.3,0,1,1.2,1.45,4.23
18,4,36,48,0,1418.6,0,0,1.1,1.1,4.8
50,2,3,34,47,920.2,0,0,4.4,1.17,8.61
2,1,88,40,0,630.8,0,0,1.4,1.67,3.43
17,5,26,40,0,844.6,0,3,1.8,1.7,5.54
23,2,91,18,0,1333.8,0,0,1.7,1.66,4.88
26,3,77,42,0,1372.8,1,0,1.9,1.55,4.07
26,1,88,47,0,624.1,0,0,1.5,1.08,2.73
8,6,81,36,0,927.8,0,4,1.3,0.87,5.79
13,4,14,47,0,447.6,0,1,1.5,1.29,3.16
6,6,62,43,0,698.6,0,0,1.2,1.72,3.92
31,1,41,36,0,361.0,1,1,1.1,1.02,2.25
19,2,62,29,0,815.9,0,0,1.5,1.01,3.22
31,4,74,44,0,884.2,1,1,1.4,1.58,3.82
32,4,50,17,0,533.2,0,4,1.0,1.39,5.43
38,5,31,32,7,437.3,0,1,5.6,1.2,9.12
30,6,91,42,0,260.5,1,2,1.6,1.66,2.8
35,5,66,47,0,243.7,0,0,1.1,1.38,2.45
32,1,88,20,0,1078.7,0,0,1.7,1.72,4.23
36,2,23,13,13,363.6,0,1,6.7,1.17,9.8
34,6,83,23,0,212.2,1,1,1.5,1.24,1.93
18,4,32,44,0,1498.4,0,0,1.6,0.87,5.43
14,6,46,30,0,419.5,0,0,1.5,1.17,2.87
43,4,86,12,0,1348.2,0,0,1.7,0.98,4.89
19,1,35,14,0,929.4,0,0,1.4,0.83,3.47
30,3,25,23,5,1084.0,1,2,5.7,1.06,9.68
11,5,91,23,0,858.9,0,0,1.5,1.29,3.58
24,4,96,15,0,304.0,0,2,1.3,1.05,3.41
29,1,31,29,0,1276.7,0,0,1.2,0.91,4.52
34,2,30,29,4,1248.8,0,1,3.5,1.25,8.11
29,6,22,17,7,550.5,1,2,5.9,0.95,9.2
20,6,2,19,18,1155.2,0,1,3.7,0.89,8.73
52,5,55,36,0,832.8,1,2,1.6,1.76,4.3
28,1,25,48,3,1367.2,0,0,4.2,1.28,9.11
44,4,84,49,0,1212.1,0,0,1.9,1.6,4.66
40,5,17,32,23,99.9,0,1,6.9,0.97,8.43
31,4,63,11,0,1323.7,0,1,1.9,1.26,5.66
48,4,50,45,0,1454.1,0,1,1.6,0.89,4.95
7,3,61,48,0,1123.5,0,1,1.7,1.21,5.12
50,2,11,21,39,215.1,1,0,4.2,1.63,6.22
46,2,46,26,0,1218.8,1,0,1.8,1.69,4.23
28,5,62,11,0,985.3,0,3,1.8,1.32,6.03
40,1,34,42,6,534.7,0,1,5.3,1.09,8.21
29,1,87,41,0,1330.7,1,1,1.5,1.53,3.77
15,3,52,10,0,865.7,0,1,2.0,1.44,4.18
44,5,36,38,8,1285.3,0,3,4.6,1.27,11.68
14,4,3,26,11,1018.4,1,2,6.4,1.28,10.63
17,4,16,31,1,461.2,0,0,6.9,1.29,9.72
29,4,47,18,0,1463.5,0,2,1.6,1.14,6.2
46,1,40,42,6,873.7,0,0,5.8,1.32,9.79
21,2,87,26,0,794.5,0,0,1.2,0.86,2.6
27,1,78,43,0,629.1,0,2,1.4,1.37,4.59
3,5,15,15,0,239.1,1,0,1.6,1.3,1.31
7,5,59,33,0,1041.9,1,0,1.2,1.22,2.32
4,2,45,22,0,669.0,0,1,1.6,1.12,4.37
4,2,10,48,0,1404.5,1,4,1.7,1.42,6.07
47,2,66,32,0,1449.0,1,0,1.8,1.28,3.8
46,6,53,38,0,1160.8,0,1,1.7,0.9,4.11
45,3,8,13,37,394.0,1,0,3.8,1.17,5.86
4,5,46,37,0,1085.3,1,0,2.0,0.88,3.05
5,3,73,14,0,69.8,1,1,1.9,1.18,1.78
16,5,32,24,0,1246.5,1,1,1.4,1.33,4.33
31,4,35,18,0,760.7,0,1,1.0,1.19,4.32
19,2,11,10,8,1407.6,0,1,3.6,1.14,9.5
27,6,20,33,7,591.5,1,4,5.6,1.08,9.14
10,5,98,19,0,424.2,1,2,1.8,1.18,2.6
40,5,62,30,0,1492.8,0,0,1.9,0.87,5.73
17,6,17,40,0,814.8,0,1,2.0,1.79,4.7
4,2,48,17,0,1300.2,0,1,1.7,1.36,5.66
41,1,19,38,22,1370.1,1,0,3.6,1.44,7.1
49,4,44,21,5,797.0,0,1,4.6,0.98,8.18
1,2,14,23,0,705.3,0,1,1.2,1.72,4.7
24,3,61,33,0,847.2,0,0,1.2,1.37,4.32
45,2,57,35,0,1277.7,0,0,1.1,1.21,5.14
39,3,63,36,0,1448.4,1,0,1.5,1.51,4.19
47,3,44,17,3,519.4,0,0,4.4,1.1,7.2
23,3,28,33,0,1118.4,0,2,1.0,1.73,6.0
21,5,24,20,0,456.6,0,0,1.8,0.97,1.85
39,4,21,21,18,932.0,1,1,5.1,1.63,8.38
9,3,42,47,0,1215.0,0,1,1.2,1.77,6.25
13,1,45,14,0,1334.3,0,0,1.0,1.29,5.09
33,4,67,26,0,695.1,0,0,1.5,1.68,3.83
37,2,5,27,32,579.8,1,0,5.6,0.87,7.54
7,2,28,19,0,410.0,1,0,1.7,1.42,2.21
28,3,85,41,0,234.8,1,0,1.0,1.16,1.68
20,1,91,29,0,572.8,0,0,1.7,1.16,3.04
28,3,93,38,0,1313.1,1,2,1.8,1.25,4.33
52,2,30,25,22,651.5,1,1,3.8,1.4,7.28
5,6,13,45,0,503.2,0,0,1.7,1.42,2.6
54,6,19,39,35,1119.1,1,0,3.6,1.08,6.68
25,1,13,23,12,354.8,1,2,6.2,1.18,8.67
42,4,95,48,0,414.2,1,0,1.9,1.05,1.7
23,4,88,44,0,1406.4,1,1,1.2,1.43,4.16
17,3,81,33,0,159.1,0,0,1.8,0.9,1.36
42,3,72,10,0,645.4,0,3,1.7,1.22,4.97
38,5,34,33,4,882.1,0,0,4.8,1.78,9.13
8,3,47,37,0,376.2,0,0,1.7,1.79,3.55
39,1,84,24,0,450.3,0,1,1.0,1.32,3.44
41,3,81,15,0,363.9,0,0,1.2,1.05,2.01
21,2,51,32,0,544.0,1,1,1.3,1.38,2.83
50,3,83,42,0,1351.8,0,0,1.9,1.29,5.28
35,2,34,22,1,670.1,1,0,6.3,0.84,8.54
19,1,41,28,0,650.0,0,0,1.3,1.79,3.22
1,6,83,10,0,604.4,0,1,1.5,1.13,3.63
37,1,37,38,0,1447.6,0,2,2.0,1.2,6.01
12,5,75,44,0,211.3,0,0,1.7,1.31,2.1
41,5,45,41,0,1312.9,0,2,1.1,1.68,6.92
29,4,29,27,0,517.7,0,2,1.4,1.6,4.28
26,6,21,11,5,1436.5,0,0,6.4,1.01,10.7
9,1,60,29,0,500.2,0,0,1.3,1.52,2.33
39,2,47,47,0,161.0,0,0,1.5,1.67,2.33
9,2,36,13,0,799.3,0,0,1.7,1.51,2.93
23,4,74,18,0,372.7,0,1,1.7,0.94,2.77
46,4,0,43,46,1139.4,0,0,3.7,1.34,8.64
50,6,9,32,41,999.7,0,0,4.3,1.64,9.19
54,3,96,16,0,1042.2,1,1,1.5,1.0,3.25
52,2,66,10,0,322.5,0,0,1.8,1.34,2.41
31,6,54,26,0,1074.6,1,2,1.1,1.47,4.49
11,5,1,33,10,494.5,1,1,6.8,1.44,9.12
46,5,59,43,0,1498.1,0,0,1.4,0.91,5.45
44,3,43,45,1,1108.4,0,0,4.0,1.08,8.73
54,3,59,28,0,902.0,0,0,1.7,1.35,4.17
36,3,4,26,32,1306.0,0,4,4.5,1.01,11.27
8,5,55,47,0,900.4,0,0,1.4,1.13,3.96
28,2,57,41,0,847.0,0,2,1.5,1.22,5.19
25,6,29,18,0,386.5,1,3,1.7,0.81,3.53
46,2,5,37,41,1030.0,0,0,6.6,1.31,11.21
22,3,97,38,0,587.0,0,1,1.8,1.79,3.46
18,2,70,19,0,102.9,1,1,1.9,1.21,2.08
5,4,62,49,0,1231.5,0,0,1.7,1.07,4.81
46,5,76,21,0,115.7,0,3,1.2,1.05,3.39
41,6,67,31,0,1021.6,0,0,1.8,1.32,4.42
3,5,13,29,0,268.8,0,2,1.3,1.26,3.67
24,2,45,37,0,671.6,1,1,1.7,1.66,2.72
26,2,88,46,0,1294.3,0,0,2.0,1.44,5.33
26,6,28,25,0,177.9,0,0,1.3,1.2,1.88
50,3,97,25,0,1014.0,0,0,1.3,1.19,4.4
9,1,6,40,3,934.4,0,0,5.1,1.35,9.66
17,5,33,48,0,1306.6,0,1,2.0,1.05,5.02
10,4,35,46,0,292.2,0,0,1.4,1.22,2.58
14,1,61,40,0,1207.7,0,3,1.8,1.09,6.48
49,5,17,38,32,697.2,0,0,4.1,1.32,7.35
51,4,22,40,29,665.8,1,0,5.6,1.35,7.77
3,4,66,47,0,568.2,1,0,1.1,1.65,2.69
35,6,28,10,7,602.9,1,0,4.4,1.05,6.58
13,3,87,33,0,799.1,0,1,1.1,1.7,4.65
11,3,87,11,0,195.9,1,0,1.9,1.34,1.46
16,4,30,33,0,660.6,1,1,1.7,1.53,3.43
11,2,55,25,0,991.9,0,1,1.9,1.41,4.65
27,1,33,22,0,767.4,0,0,1.4,1.63,4.25
54,6,34,45,20,282.1,0,0,6.3,1.46,9.16
32,2,67,38,0,570.1,1,0,1.0,0.81,1.5
40,4,29,32,11,686.7,1,0,6.1,1.19,8.49
27,2,14,45,13,1016.6,1,1,5.2,1.74,9.57
1,2,25,13,0,1355.1,0,0,1.1,1.25,5.22
5,4,92,35,0,843.5,1,0,2.0,1.63,2.6
15,5,25,16,0,1027.5,0,0,1.0,1.67,4.91
14,3,36,19,0,152.7,0,0,1.3,1.13,1.35
46,1,62,17,0,1433.5,0,3,1.6,1.66,7.48
46,2,10,31,36,500.2,1,2,4.2,1.18,6.99
47,1,26,35,21,557.3,1,1,5.4,0.83,8.01
35,6,17,40,18,365.4,0,0,4.6,1.49,6.99
31,2,92,27,0,163.6,0,0,1.2,1.62,2.4
36,3,93,47,0,1193.5,0,0,1.6,1.25,4.58
22,1,75,24,0,391.1,0,2,1.1,0.97,3.02
37,3,24,16,13,452.7,1,0,6.9,1.42,9.24
43,6,61,11,0,305.4,0,0,1.5,1.54,2.04
42,3,66,15,0,1463.3,0,1,1.8,1.45,6.81
34,4,86,27,0,1180.3,0,1,1.5,1.16,5.15
4,2,15,26,0,1397.7,1,0,1.3,1.17,3.37
40,1,73,44,0,1298.1,1,0,1.0,1.35,3.44
20,5,19,15,1,1363.2,0,3,4.2,0.99,10.74
41,1,56,20,0,739.4,0,0,1.2,1.65,4.11
30,3,87,49,0,289.0,1,3,1.6,0.9,2.73
48,2,6,11,42,517.2,0,0,4.2,1.29,6.84
19,1,14,26,5,467.0,0,3,3.5,1.66,8.13
51,4,81,17,0,1087.0,0,2,1.2,1.33,6.08
46,6,1,31,45,77.5,1,0,5.1,1.56,7.14
18,1,68,48,0,247.4,1,2,1.5,1.04,3.12
27,5,50,19,0,1037.0,0,0,1.4,1.25,4.22
29,4,34,24,0,220.2,0,0,1.8,1.51,2.64
42,5,86,27,0,110.5,0,0,1.1,1.69,2.45
38,1,84,41,0,199.5,0,1,1.4,1.44,2.8
47,6,32,49,15,1048.4,0,0,7.0,1.04,11.31
20,1,0,13,20,243.4,0,0,4.2,0.95,5.64
28,6,12,29,16,253.6,0,3,4.3,1.64,8.95
24,4,10,40,14,376.2,0,2,4.5,1.35,7.94
50,3,98,10,0,1136.3,0,0,1.0,0.98,4.42
17,1,59,42,0,332.5,0,0,1.4,1.29,2.48
32,4,67,19,0,91.6,1,0,1.1,0.93,1.0
7,1,23,30,0,1362.6,0,0,1.4,0.91,4.79
46,4,85,49,0,1319.4,1,3,1.4,1.72,5.7
21,5,72,35,0,309.8,1,4,1.4,1.34,4.03
19,2,75,49,0,427.4,1,0,1.2,1.05,1.77
32,2,46,34,0,315.3,0,0,1.5,1.68,3.1
27,2,69,18,0,1090.5,0,0,1.4,1.8,4.63
46,2,54,37,0,405.0,0,0,2.0,1.68,2.39
29,1,38,34,0,1399.9,0,0,1.0,1.55,5.34
28,2,59,22,0,1248.4,0,0,1.1,1.76,5.59
6,4,32,13,0,899.1,0,0,1.8,1.0,3.86
2,2,95,35,0,53.0,0,0,1.3,1.68,2.04
22,5,71,33,0,1330.2,1,2,1.2,1.16,4.86
54,5,73,40,0,1102.5,0,1,1.9,0.83,4.62
50,5,71,15,0,1190.3,1,0,1.5,0.83,2.69
34,4,44,31,0,144.9,1,0,1.6,0.99,1.0
35,2,95,42,0,1074.5,0,2,1.0,1.58,5.31
22,6,20,45,2,1214.7,0,0,6.8,1.7,11.89
10,2,56,47,0,1436.7,0,2,1.3,0.93,6.41
1,3,6,18,0,887.5,1,0,1.8,1.65,3.25
19,3,29,16,0,781.7,1,3,1.4,1.56,4.56
18,5,57,33,0,661.1,0,0,1.6,0.85,2.37
11,4,48,28,0,1063.9,0,2,1.9,1.53,6.57
14,5,94,19,0,1384.4,0,0,2.0,0.84,4.51
2,6,61,14,0,915.6,1,2,1.1,1.06,3.77
33,3,41,15,0,371.8,1,1,1.6,1.33,2.87
51,6,42,23,9,65.7,1,0,4.1,1.71,5.94
38,2,61,39,0,943.9,0,1,1.8,0.91,3.87
25,6,79,12,0,1302.3,0,0,1.9,1.15,5.15
23,2,27,14,0,136.3,0,0,1.7,1.38,1.3
17,6,58,20,0,620.5,0,0,1.7,1.54,3.92
8,3,57,44,0,1412.5,0,1,1.1,1.72,6.4
33,6,0,49,33,772.4,1,2,3.9,1.27,7.51
31,1,91,27,0,362.2,1,0,1.6,1.64,1.77
1,3,56,11,0,556.3,0,1,1.7,1.42,3.16
23,6,24,10,0,635.9,0,2,1.6,1.0,3.9
16,1,63,44,0,211.2,0,1,1.4,1.38,3.2
10,2,67,27,0,1004.8,1,0,1.5,1.11,2.91
38,1,91,13,0,904.6,1,0,2.0,1.5,3.17
29,2,3,43,26,985.7,0,0,6.2,1.08,10.23
35,3,41,31,0,931.8,0,0,1.8,1.06,4.55
39,4,18,23,21,64.3,0,0,6.9,1.75,8.68
54,2,57,28,0,294.7,0,2,1.4,1.71,4.2
44,1,50,19,0,281.7,0,1,1.4,1.25,2.47
34,2,47,47,0,183.0,0,1,1.5,1.57,2.4
48,6,98,41,0,1113.8,0,0,1.8,1.78,4.93
26,6,53,17,0,215.4,0,0,1.1,0.89,1.48
54,2,41,39,13,1015.6,0,1,5.7,1.41,10.76
42,2,6,17,36,300.4,1,0,3.9,1.05,4.65
36,1,28,28,8,212.7,0,3,6.3,1.6,10.21
49,6,89,39,0,277.3,0,0,1.0,0.9,1.48
28,5,45,11,0,782.3,1,0,1.1,1.59,2.68
39,5,91,39,0,982.4,0,1,1.1,1.0,3.9
16,2,53,19,0,1225.4,0,1,1.1,1.26,5.18
53,4,54,37,0,227.7,0,0,1.1,1.61,2.08
34,1,42,29,0,939.6,1,1,2.0,0.87,2.88
43,5,55,11,0,1169.8,0,0,1.7,1.73,4.5
25,4,6,40,19,496.1,0,0,6.2,1.02,8.67
47,2,5,20,42,156.4,0,0,5.0,1.3,6.47
5,5,47,48,0,267.7,1,1,1.6,1.53,1.97
7,4,59,43,0,173.7,0,1,1.9,0.92,1.77
28,3,55,17,0,1335.3,0,0,1.3,1.41,4.95
40,2,42,34,0,590.0,0,1,1.7,1.32,3.57
44,1,29,24,15,804.1,0,1,6.7,1.39,10.74
24,6,70,34,0,1162.3,0,0,1.9,1.46,4.27
36,2,60,32,0,582.4,0,0,1.4,1.22,2.57
30,2,4,21,26,987.7,0,0,3.8,1.1,7.12
52,5,45,36,7,152.0,0,0,5.0,0.98,6.81
36,2,71,20,0,742.1,1,3,1.3,1.74,5.12
23,3,78,46,0,180.9,0,2,1.3,1.2,3.31
53,5,28,47,25,402.5,0,0,4.1,1.08,6.12
6,4,92,16,0,468.3,1,0,1.3,0.85,2.11
54,4,65,39,0,1087.7,1,0,1.0,1.55,3.56
9,1,43,47,0,1024.2,0,0,1.1,1.33,3.97
16,3,62,15,0,1130.7,1,0,1.8,0.99,2.71
45,3,87,39,0,130.2,0,0,1.9,1.69,2.0
40,4,22,47,18,1491.1,1,0,3.6,1.73,7.92
53,1,15,19,38,119.5,0,0,5.4,1.68,7.55
41,1,44,33,0,1245.6,0,0,1.9,1.36,4.92
35,5,8,41,27,1120.8,1,0,4.4,1.17,7.37
19,5,83,23,0,904.0,0,0,1.5,0.96,4.02
1,5,97,19,0,680.7,1,0,1.5,1.18,2.31
7,2,60,25,0,1145.4,0,0,1.3,1.41,4.62
17,6,97,23,0,1120.2,0,0,1.6,1.03,4.15
3,2,6,39,0,240.3,1,3,1.4,1.26,3.28
28,4,63,24,0,1197.2,0,0,2.0,1.37,4.31
42,1,44,25,0,154.7,1,1,1.2,1.53,1.99
53,6,27,47,26,770.8,1,0,5.8,0.89,8.87
27,2,31,33,0,981.8,0,0,1.4,1.67,3.9
48,5,54,47,0,1239.7,0,0,1.2,1.26,4.9
54,2,64,38,0,716.1,0,1,2.0,1.38,4.1
47,5,16,45,31,385.8,0,3,4.6,1.74,9.45
26,3,61,17,0,756.4,0,0,1.4,0.97,3.26
18,1,92,47,0,405.3,0,0,1.6,1.68,3.5
53,2,1,47,52,811.9,1,1,4.0,1.6,7.63
14,5,87,11,0,715.3,0,0,1.2,1.79,4.31
23,2,60,24,0,1179.5,1,0,1.4,1.19,3.58
4,2,34,26,0,390.5,0,2,1.3,0.93,3.69
43,4,73,26,0,332.0,0,0,1.6,0.81,1.77
36,2,61,41,0,732.3,0,1,1.8,1.59,4.37
5,1,76,37,0,113.7,0,0,1.3,0.94,1.14
12,4,8,18,4,374.8,0,0,6.3,1.11,8.54
30,5,5,34,25,556.4,0,4,3.6,1.79,9.25
30,5,64,48,0,751.9,1,0,1.4,1.24,1.8
44,6,30,27,14,433.4,1,0,5.3,1.03,7.02
15,1,23,47,0,858.5,0,0,1.4,1.55,4.31
50,3,42,35,8,1322.5,1,0,5.8,1.07,8.66
25,2,72,46,0,833.8,1,0,1.4,1.33,2.41
45,6,17,46,28,458.8,0,0,4.9,0.96,7.58
13,4,97,10,0,130.5,1,0,1.5,1.26,1.95
2,1,42,42,0,239.5,0,0,1.8,0.91,1.38
3,5,15,17,0,859.4,0,1,1.4,1.57,4.64
21,1,7,42,14,1038.2,0,0,5.3,1.17,9.41
52,2,85,42,0,112.5,1,3,1.2,1.12,3.37
3,5,11,20,0,310.9,1,0,1.4,1.79,2.14
20,4,41,12,0,505.9,1,0,1.6,1.63,2.36
6,5,66,26,0,506.9,1,3,1.5,1.35,4.34
51,4,51,22,0,1439.3,0,2,1.9,1.74,6.6
37,6,26,32,11,337.5,0,0,6.7,1.01,8.5
42,4,10,13,32,131.3,0,0,6.4,1.37,8.19
39,1,71,11,0,555.4,0,2,1.6,1.73,4.95
36,1,49,27,0,236.3,0,0,1.6,1.37,1.63
42,5,4,40,38,224.8,1,0,4.8,1.11,6.05
1,1,18,22,0,634.9,0,0,1.8,1.61,3.63
47,3,56,22,0,487.3,0,2,1.0,0.94,3.69
40,1,16,16,24,173.9,1,1,6.5,0.95,8.37
40,2,39,21,1,922.3,1,0,3.6,1.53,6.67
22,4,12,21,10,772.5,0,3,6.4,0.87,11.17
44,2,79,20,0,152.6,0,0,1.3,0.85,1.0
21,3,63,23,0,1299.6,1,1,1.9,1.18,3.99
3,6,78,21,0,455.7,0,0,1.7,1.2,3.02
50,1,5,37,45,1443.6,0,1,5.1,1.27,10.58
13,1,37,23,0,1400.0,0,0,1.3,1.54,5.27
6,2,26,40,0,673.8,0,0,1.7,1.37,3.16
34,5,62,34,0,373.7,0,0,1.9,1.51,2.46
13,3,82,35,0,1258.9,0,2,1.5,0.85,6.19
47,4,22,33,25,567.5,0,0,4.4,1.12,6.82
24,1,76,46,0,278.8,0,0,1.4,1.77,2.17
1,5,58,20,0,845.3,0,0,1.4,1.23,3.92
52,1,82,49,0,754.5,0,1,1.7,1.02,3.5
28,5,8,18,20,1281.0,0,1,6.0,1.79,12.28
15,1,99,15,0,1104.8,0,0,1.1,1.21,4.3
37,6,43,43,0,1319.2,1,0,1.7,1.28,3.7
29,2,28,45,1,1112.7,0,1,4.3,1.02,8.5
2,2,18,13,0,977.6,0,0,1.2,1.46,4.41
42,3,98,33,0,770.3,0,0,1.1,1.01,3.29
22,1,88,30,0,1481.8,1,0,1.2,1.41,3.86
38,1,13,18,25,1440.4,0,0,3.5,1.56,8.74
49,4,44,30,5,1279.3,0,3,5.6,1.45,12.43
33,2,73,37,0,1172.0,1,1,1.9,0.89,3.7
37,3,59,32,0,883.2,1,0,1.6,0.88,2.21
14,5,18,30,0,419.2,0,2,1.7,1.64,3.76
13,1,36,45,0,1318.1,0,0,1.1,1.7,5.74
23,3,36,19,0,55.8,1,3,1.2,0.94,3.28
47,2,28,34,19,372.1,1,0,6.0,1.18,8.15
29,3,96,22,0,629.4,1,2,1.6,1.45,3.71
19,2,20,48,0,895.8,1,2,1.8,1.64,4.19
43,1,70,20,0,858.9,1,2,1.4,1.71,4.27
47,1,91,44,0,296.7,1,0,1.6,1.5,1.54
49,6,79,35,0,193.0,0,2,1.5,0.95,2.55
17,1,79,18,0,364.6,1,1,1.2,1.57,3.14
39,5,15,40,24,549.1,1,0,6.2,1.66,8.82
32,6,13,19,19,60.5,0,0,4.3,1.15,5.4
25,3,78,20,0,1051.0,0,1,1.5,1.29,4.59
22,2,74,23,0,401.7,0,3,1.1,0.97,3.76
7,5,74,37,0,553.1,1,1,1.6,1.1,2.17
15,6,41,25,0,529.0,0,0,1.8,1.67,2.86
30,1,52,32,0,787.3,0,1,1.4,0.89,4.23
48,6,1,32,47,1295.3,0,0,3.8,1.56,8.7
47,6,29,17,18,258.1,0,0,6.3,0.9,7.66
11,1,52,19,0,537.5,0,1,1.9,1.09,3.28
37,1,12,22,25,1050.4,0,1,3.8,1.38,8.58
5,5,13,18,0,104.6,0,1,1.9,0.8,1.68
37,1,4,46,33,1251.8,0,0,6.0,1.48,11.36
19,4,20,25,0,1444.3,0,0,1.5,1.12,4.71
25,1,99,26,0,927.2,0,1,1.4,1.55,5.01
39,5,69,36,0,1436.5,0,0,1.8,1.78,5.68
23,2,94,41,0,643.1,1,3,1.8,1.22,3.87
44,1,25,37,19,645.9,1,3,6.8,0.83,11.06
29,1,59,32,0,195.1,1,2,1.7,1.65,2.59
54,2,89,49,0,91.8,0,2,1.5,1.07,2.64
35,4,35,45,0,397.0,0,0,1.2,0.95,2.48
17,1,65,18,0,738.1,1,0,1.0,1.68,2.71
42,5,69,16,0,781.2,0,2,1.7,1.03,4.13
23,4,83,25,0,357.7,0,0,1.7,1.41,2.3
29,2,96,43,0,934.7,0,2,1.7,1.05,4.58
8,6,61,48,0,304.6,0,0,1.6,1.51,2.4
7,4,58,38,0,516.3,0,2,1.3,1.45,4.34
32,5,86,37,0,325.7,0,0,1.2,1.31,2.11
11,2,68,19,0,1057.1,0,2,1.1,1.36,5.81
54,5,36,33,18,794.2,0,0,6.6,1.03,10.39
47,4,63,17,0,1114.7,0,1,1.6,0.82,4.71
38,6,54,31,0,123.6,1,3,1.8,1.6,3.65
40,3,22,17,18,661.0,1,0,4.2,1.69,6.82
33,5,51,13,0,1451.8,0,0,1.1,1.58,4.81
4,3,62,48,0,118.3,0,0,1.8,1.51,2.05
22,1,90,45,0,650.8,0,1,1.6,1.27,3.96
27,1,58,37,0,99.0,0,1,1.3,1.38,2.3
50,6,16,35,34,254.1,1,1,6.5,1.49,9.29
12,5,98,19,0,715.3,1,0,2.0,0.83,1.86
27,3,57,32,0,270.0,0,0,1.4,1.22,2.17
19,5,28,39,0,797.4,1,2,1.6,1.02,4.0
8,1,75,31,0,1387.2,0,1,1.3,1.16,5.91
6,1,38,21,0,332.6,0,0,1.2,1.55,2.97
20,4,37,25,0,196.5,1,0,1.1,1.16,1.97
5,4,83,43,0,1244.9,0,0,1.0,1.54,4.67
4,6,86,20,0,712.0,0,2,1.7,1.77,5.16
19,5,52,48,0,1328.6,1,1,1.1,1.72,4.33
11,2,37,40,0,486.9,0,1,1.7,1.63,3.18
30,5,86,45,0,956.2,0,1,1.9,1.65,4.83
1,3,17,30,0,1388.0,0,2,1.8,1.19,6.87
17,5,74,18,0,290.7,0,0,1.3,1.53,2.17
25,2,58,11,0,1209.1,0,0,1.1,1.47,4.31
53,1,85,31,0,962.0,0,0,1.4,1.78,4.02
35,1,42,25,0,1226.9,0,4,1.2,1.37,7.24
48,6,83,14,0,289.2,0,1,1.4,1.23,2.34
19,1,1,47,18,673.8,0,0,3.5,1.64,6.35
25,6,75,48,0,228.1,1,2,1.6,1.55,2.55
23,5,6,24,17,1441.7,0,0,6.7,0.92,11.8
48,1,64,36,0,131.5,0,0,1.2,1.4,2.05
52,6,19,26,33,135.6,1,1,4.6,1.39,6.62
52,1,96,29,0,1351.3,0,4,1.9,1.43,7.72
41,1,76,34,0,479.1,0,0,1.6,1.74,3.43
28,4,10,26,18,911.6,0,0,5.9,1.4,9.63
30,2,89,42,0,459.7,0,2,1.7,1.67,4.04
53,2,25,17,28,987.2,1,1,5.2,1.16,8.39
16,2,54,36,0,321.0,0,1,1.9,0.86,2.52
19,4,8,49,11,709.9,1,0,4.8,1.18,6.98
49,1,10,44,39,818.9,0,0,6.7,1.33,9.95
21,2,24,11,0,527.1,0,0,1.2,1.63,3.15
13,4,53,14,0,407.5,0,0,1.7,1.43,2.98
31,3,54,35,0,244.7,0,2,1.8,1.24,3.22
18,5,85,46,0,1071.0,0,1,1.7,1.26,5.22
49,2,16,43,33,285.7,0,2,5.3,1.8,9.34
50,4,74,46,0,466.5,0,0,1.6,0.94,2.29
17,5,0,15,17,531.9,1,0,6.6,1.01,8.31
29,3,29,30,0,703.4,1,1,1.7,1.43,2.88
54,2,17,39,37,1065.8,0,0,6.8,1.5,10.79
41,4,12,34,29,664.8,1,0,5.3,1.19,8.05
12,4,58,41,0,1311.8,0,0,1.7,0.83,4.46
32,1,90,18,0,1032.5,0,0,1.2,1.32,3.67
34,4,66,28,0,1264.2,0,0,1.7,0.94,4.98
36,1,85,27,0,1085.9,0,0,1.1,0.86,4.0
2,4,59,47,0,257.0,0,2,1.7,1.14,3.31
17,6,5,18,12,1467.8,0,0,5.0,0.94,10.04
47,4,34,23,13,1188.4,1,1,6.3,1.24,9.85
14,5,82,10,0,876.2,0,1,1.1,1.56,4.77
17,2,4,16,13,281.2,1,0,5.7,0.85,7.22
18,6,9,49,9,292.1,0,0,5.1,1.3,7.14
10,5,83,43,0,936.9,0,0,1.9,1.3,4.44
9,6,6,20,3,647.6,0,0,6.2,0.8,9.18
19,5,95,38,0,1026.8,0,0,1.5,1.54,4.67
48,4,75,33,0,583.7,0,3,1.1,0.89,3.82
1,4,66,46,0,788.8,1,0,1.8,1.73,2.64
16,6,53,22,0,314.4,0,0,1.3,1.44,2.76
4,6,8,49,0,266.6,0,4,1.6,1.09,3.29
31,3,41,24,0,150.4,1,1,1.2,1.73,2.51
14,1,80,38,0,1236.7,0,1,1.4,1.2,5.33
43,1,90,25,0,850.9,1,0,1.1,1.06,2.35
32,2,44,36,0,1422.8,0,2,1.6,1.18,6.33
43,1,83,23,0,1134.2,0,1,1.0,1.41,5.35
35,2,77,43,0,1162.4,0,1,2.0,1.52,5.19
24,1,5,35,19,783.2,0,1,4.1,1.46,8.66
47,6,62,21,0,1230.6,0,0,1.6,1.72,5.44
26,1,61,48,0,1415.4,0,3,1.3,1.76,7.39
52,4,54,38,0,1093.7,1,4,1.3,1.0,4.79
54,3,77,27,0,194.2,1,1,1.8,1.71,2.56
32,2,88,15,0,990.5,0,0,1.8,0.91,4.48
37,5,55,48,0,215.8,0,1,1.6,1.76,2.66
14,6,32,40,0,152.7,1,0,1.8,1.06,1.86
44,5,98,36,0,1051.6,0,1,1.2,1.07,4.01
37,6,96,43,0,1258.8,0,0,1.9,1.22,4.52
49,4,68,34,0,271.9,0,2,1.5,0.98,2.67
15,5,64,19,0,148.3,0,3,1.9,1.63,4.04
43,1,10,19,33,1334.3,0,0,5.4,0.92,10.15
26,6,40,13,0,233.0,1,1,1.3,1.24,2.65
10,5,19,12,0,91.2,0,2,1.6,1.71,2.95
10,2,51,39,0,1092.7,1,0,2.0,1.44,3.29
31,3,82,44,0,1277.7,1,0,1.0,1.41,3.49
18,4,22,16,0,791.1,0,0,1.4,1.79,4.76
6,1,99,32,0,828.3,1,2,1.6,0.82,2.95
24,5,12,14,12,531.8,0,0,3.6,1.12,6.06
36,2,9,26,27,388.2,1,0,5.6,0.93,6.85
18,1,97,41,0,1142.6,0,0,1.7,0.98,4.45
52,2,10,42,42,1280.0,0,0,3.7,1.02,7.98
43,6,73,47,0,509.0,0,0,1.5,1.43,3.52
28,2,76,22,0,439.8,1,1,1.9,1.07,2.4
51,4,33,47,18,431.0,0,0,6.3,1.46,9.14
24,5,6,41,18,113.9,1,1,3.8,1.54,6.25
8,1,30,23,0,450.4,0,1,1.1,1.2,3.03
2,5,6,23,0,77.5,0,2,1.4,1.34,2.7
51,2,67,14,0,1191.1,0,0,1.6,0.93,4.36
52,5,88,46,0,413.7,0,1,1.2,1.55,3.46
40,2,99,18,0,1047.6,0,1,1.4,1.22,4.48
6,1,80,20,0,833.1,0,0,1.7,1.63,3.66
16,5,77,26,0,1262.7,1,0,1.6,1.33,3.78
3,5,88,15,0,1442.2,1,0,1.6,1.5,3.97
3,6,76,42,0,576.2,0,1,1.6,1.16,2.65
14,5,65,37,0,169.0,0,0,2.0,1.17,1.49
31,3,99,16,0,1134.5,0,3,1.7,1.24,6.67
4,2,32,16,0,71.1,1,2,1.9,1.44,2.61
54,2,41,10,13,365.5,1,1,6.4,1.31,8.7
25,4,90,47,0,117.7,1,4,1.9,1.6,3.48
15,3,31,27,0,1351.3,1,1,1.1,0.85,3.52
28,3,29,36,0,47.7,0,0,1.5,1.7,1.43
43,2,15,15,28,759.4,0,0,5.3,1.73,9.35
17,3,27,19,0,659.0,1,2,1.1,1.04,3.29
3,2,59,31,0,993.0,0,0,1.6,0.9,3.61
3,1,88,18,0,463.0,0,3,1.2,1.37,4.08
47,1,13,34,34,1315.6,0,0,5.8,0.86,10.95
7,4,68,46,0,1112.1,1,0,1.8,1.03,2.69
35,3,76,22,0,671.1,0,1,1.4,1.31,3.53
21,1,89,34,0,562.7,1,2,1.9,1.41,3.39
42,4,75,46,0,1231.2,0,2,1.8,0.99,5.57
4,1,15,45,0,1145.3,0,0,1.8,1.73,5.17
49,1,48,10,1,622.5,0,0,3.9,0.98,6.98
38,1,95,14,0,538.4,1,1,1.9,0.95,2.72
25,3,90,49,0,96.8,0,2,1.0,0.96,3.19
12,6,61,47,0,159.3,1,0,1.8,1.73,1.41
53,2,96,22,0,118.7,0,1,1.0,1.68,2.65
17,2,66,30,0,75.6,1,0,1.2,0.83,1.0
27,2,6,32,21,263.2,1,1,5.8,1.53,9.03
22,3,91,36,0,1291.4,0,0,1.7,0.87,4.62
13,5,16,40,0,1205.3,1,4,1.9,0.88,4.44
23,2,38,24,0,1274.5,0,0,1.7,0.88,4.67
9,4,23,45,0,950.7,1,1,1.7,1.63,3.9
1,6,71,12,0,951.1,1,1,1.3,1.23,3.68
16,6,2,11,14,220.9,0,0,6.6,1.36,8.34
7,4,64,48,0,1060.5,0,0,1.4,0.83,3.97
23,5,86,17,0,448.8,1,1,1.9,1.7,2.92
47,6,78,49,0,798.1,1,1,1.8,1.78,3.46
9,5,30,21,0,1433.9,0,1,1.4,1.04,5.81
1,2,89,24,0,1311.1,1,1,1.3,1.46,4.31
6,1,36,11,0,380.5,0,0,1.7,1.48,2.93
28,1,68,47,0,1115.5,0,3,1.9,1.77,6.62
15,6,50,24,0,192.0,0,0,1.7,1.28,2.04
27,4,6,16,21,79.0,0,1,5.2,1.04,6.59
2,2,0,29,2,81.1,0,3,4.2,1.16,7.73
18,3,18,16,0,288.6,0,2,1.3,1.44,3.09
23,2,93,41,0,1054.6,0,0,1.5,1.27,4.6
24,5,95,12,0,570.4,0,0,1.6,0.88,2.6
30,4,41,29,0,63.3,1,1,1.2,1.61,2.32
43,6,96,25,0,1482.5,1,0,1.8,1.66,4.47
26,2,4,11,22,818.7,1,1,6.1,1.28,8.58
46,3,96,12,0,615.1,0,0,1.7,1.32,2.88
29,1,23,30,6,797.5,1,0,6.3,1.29,9.22
15,6,3,25,12,799.2,0,0,5.5,1.33,9.79
13,4,75,15,0,726.5,0,1,1.5,0.9,3.52
18,4,38,15,0,934.9,1,1,1.6,1.23,2.53
33,3,29,42,4,1333.0,0,0,5.8,1.25,10.75
14,2,75,39,0,480.5,1,0,1.8,1.8,2.6
50,6,33,34,17,751.0,0,0,5.9,0.85,9.28
26,3,75,43,0,45.3,0,1,1.6,1.11,1.81
47,5,19,12,28,1295.3,0,1,5.7,1.3,10.8
37,1,8,37,29,486.6,0,2,6.3,1.65,10.78
19,2,32,40,0,436.1,0,3,1.3,1.26,4.35
13,5,60,18,0,1496.4,0,0,1.3,1.09,5.12
41,1,22,31,19,893.2,0,2,4.8,1.34,10.04
18,1,14,40,4,219.6,1,0,4.9,1.1,6.19
14,5,74,34,0,427.7,0,1,1.3,1.35,3.02
51,2,49,19,2,555.7,0,0,4.1,1.49,6.99
27,2,43,36,0,1479.6,0,1,1.4,1.33,6.0
3,4,23,40,0,668.7,0,1,1.5,1.41,4.19
27,2,1,10,26,376.0,0,0,6.9,0.84,8.19
25,1,5,32,20,871.8,0,2,5.1,1.46,10.54
47,1,68,30,0,630.9,1,2,1.6,1.77,4.01
39,1,8,24,31,120.2,0,3,6.1,1.29,9.25
11,1,24,11,0,1296.9,1,0,1.9,1.6,3.83
9,5,91,13,0,62.9,0,4,1.5,1.35,3.41
33,2,34,40,0,1351.8,0,1,1.8,1.5,5.34
3,1,74,43,0,1196.1,0,1,1.6,1.11,4.77
18,1,34,26,0,150.7,0,0,1.4,1.77,1.54
8,3,93,47,0,1096.5,0,2,1.7,1.02,4.78
2,6,82,47,0,1165.6,0,1,1.2,0.96,4.27
50,3,46,36,4,919.4,0,1,4.5,0.85,8.96
5,1,68,33,0,883.4,0,4,1.6,1.34,5.61
1,2,41,48,0,112.5,0,0,1.1,1.42,1.73
51,3,94,34,0,126.9,1,1,1.4,1.45,2.61
11,2,35,47,0,1101.8,1,0,1.7,0.97,3.16
45,6,83,49,0,194.1,0,0,1.1,1.45,1.9
2,5,61,17,0,393.1,0,0,1.3,0.97,1.99
9,3,64,36,0,768.3,0,0,1.9,1.55,3.81
6,6,35,39,0,279.7,1,0,1.4,1.08,2.3
39,2,83,42,0,1193.2,0,0,1.2,1.22,4.77
34,1,74,23,0,1218.8,0,0,1.1,1.17,4.89
26,6,81,44,0,1269.5,1,1,1.6,1.17,4.69
14,6,80,29,0,112.4,0,0,1.6,1.52,1.94
5,2,15,25,0,664.7,0,0,1.6,1.8,4.1
31,4,87,16,0,1276.5,1,0,2.0,1.33,3.69
13,2,84,22,0,570.3,1,0,1.1,1.2,2.34
32,4,24,48,8,1055.9,0,0,5.0,1.09,8.77
38,5,98,38,0,900.3,0,3,1.2,1.42,5.25
46,5,52,39,0,546.9,0,1,1.4,1.25,3.18
27,4,32,45,0,443.6,0,0,1.1,1.57,3.15
1,5,22,20,0,993.0,0,0,1.4,1.41,4.54
16,4,36,36,0,235.1,0,0,1.8,1.21,2.35
47,5,3,24,44,1295.8,0,1,5.7,1.75,11.7
29,2,69,43,0,881.6,1,3,1.9,0.81,4.16
34,3,70,26,0,202.8,1,0,1.9,1.49,2.03
25,3,66,44,0,1067.2,1,0,1.5,1.21,3.0
9,4,54,39,0,669.4,0,1,1.9,0.92,3.27
49,1,36,40,13,338.0,0,0,5.2,0.89,6.54
42,2,72,47,0,1443.2,0,0,1.4,1.45,5.52
54,6,87,41,0,1090.7,0,1,1.6,0.95,4.58
47,1,8,22,39,905.8,0,1,6.0,1.66,11.2
16,4,38,30,0,1279.3,1,0,1.5,1.11,3.73
14,4,99,28,0,834.0,0,2,1.8,1.14,4.67
14,3,86,12,0,684.5,0,0,1.6,1.46,4.14
50,1,99,33,0,316.6,0,0,1.4,1.02,1.99
31,1,18,27,13,264.0,1,1,5.8,0.81,7.97
25,2,46,25,0,670.7,0,1,2.0,1.25,3.68
53,1,13,14,40,705.7,0,1,3.8,1.33,7.3
33,1,86,30,0,1110.6,0,1,1.3,1.25,4.82
50,1,51,33,0,685.4,1,1,1.2,1.26,3.5
54,2,24,14,30,906.0,0,2,4.3,1.47,9.37
5,6,9,35,0,1255.5,0,1,1.5,1.65,5.62
20,4,73,16,0,1490.3,1,0,1.1,1.17,3.72
40,1,81,15,0,510.9,1,1,1.6,1.59,2.88
44,4,87,26,0,1356.9,0,0,1.5,0.86,5.15
9,1,97,25,0,1216.8,1,1,1.1,1.28,4.58
18,3,81,46,0,139.3,0,0,1.9,1.18,1.58
30,1,78,12,0,527.9,0,0,1.7,1.27,2.97
44,1,81,23,0,359.8,0,1,1.0,0.89,2.81
7,1,99,39,0,1010.0,0,1,2.0,0.94,4.41
33,3,46,19,0,850.7,0,0,1.2,1.09,3.21
17,3,75,49,0,762.5,1,0,1.0,1.07,2.23
12,3,81,39,0,1154.8,1,2,1.4,1.19,4.41
28,4,11,47,17,526.6,0,4,3.9,1.26,9.0
23,5,69,47,0,598.8,1,0,1.6,1.02,1.42
35,5,33,14,2,1303.8,1,0,4.2,1.42,7.7
18,4,13,28,5,1459.4,0,0,6.4,1.18,11.49
45,4,17,39,28,1173.5,1,0,5.5,0.86,8.68
5,3,11,10,0,356.9,1,0,1.3,1.04,1.41
47,2,89,28,0,204.5,1,2,1.4,1.36,2.65
2,3,77,37,0,345.4,0,0,1.3,1.41,2.22
40,1,10,41,30,657.2,1,0,5.3,1.6,8.3
19,6,62,26,0,385.6,1,0,1.2,1.05,2.05
21,3,66,44,0,1355.5,0,0,1.1,1.36,5.41
2,5,51,36,0,1019.3,0,0,1.9,1.28,4.58
38,6,60,11,0,648.4,0,0,1.2,1.65,3.93
9,3,90,21,0,439.8,0,0,1.9,1.53,2.15
36,6,51,47,0,595.8,0,1,1.6,0.93,3.39
40,3,65,10,0,735.0,0,0,1.8,1.76,3.73
46,1,57,14,0,1082.2,1,1,1.1,1.16,3.13
39,1,39,23,0,170.4,1,2,2.0,1.75,3.03
17,1,89,49,0,1279.3,0,0,1.3,1.09,5.0
40,6,41,38,0,226.2,0,0,1.1,1.27,2.43
45,3,79,15,0,423.2,0,2,1.8,1.35,3.19
18,2,60,25,0,1490.6,0,0,1.2,0.86,5.34
7,3,68,47,0,317.7,0,0,1.4,1.52,3.12
49,2,76,18,0,187.7,0,2,1.6,0.9,3.18
8,6,73,33,0,972.1,1,1,1.1,0.96,1.97
33,6,56,28,0,614.0,0,3,1.2,1.09,5.26
13,1,61,40,0,174.1,0,0,1.5,1.76,2.59
7,5,50,40,0,45.5,1,0,1.4,1.77,1.04
42,3,33,43,9,155.6,0,0,4.3,1.29,5.77
8,1,72,14,0,803.2,0,0,1.7,1.33,4.07
37,6,87,28,0,377.1,0,0,1.4,1.01,2.21
38,1,70,37,0,1175.2,0,0,1.4,1.22,4.38
4,2,77,26,0,1292.0,0,0,1.3,1.78,5.49
10,1,83,36,0,251.5,1,0,1.3,1.59,2.21
43,3,36,35,7,532.0,0,0,5.7,1.5,8.52
28,4,6,24,22,254.0,1,0,7.0,1.08,8.47
7,2,33,14,0,458.6,0,1,1.2,1.56,3.73
54,1,75,48,0,389.2,1,0,1.7,1.77,2.19
15,1,81,43,0,1188.8,0,1,1.0,1.79,5.26
1,6,51,45,0,544.4,0,0,1.1,1.4,2.73
50,5,77,21,0,763.5,0,0,1.3,0.96,2.83
1,6,7,22,0,1023.9,0,3,1.4,1.76,6.12
30,4,64,22,0,1240.5,0,3,1.7,1.34,5.93
54,4,67,11,0,479.8,0,0,1.7,0.84,2.29
32,5,50,16,0,345.5,0,0,2.0,0.88,2.17
32,4,71,22,0,1468.5,0,2,1.4,1.38,6.39
21,3,49,49,0,507.4,0,0,1.1,1.64,2.86
7,2,52,18,0,1019.8,0,0,1.9,1.74,4.59
31,3,60,30,0,1029.6,0,0,1.7,1.74,4.36
49,1,79,31,0,790.5,0,0,1.1,1.38,3.98
5,2,24,24,0,373.5,0,1,1.1,1.78,3.09
48,5,30,46,18,246.5,0,1,6.9,0.95,8.92
23,6,41,13,0,751.0,0,0,1.3,0.89,2.77
29,1,20,44,9,786.0,0,0,4.5,0.83,7.93
9,1,33,39,0,1169.1,1,0,1.2,1.57,3.49
34,1,35,22,0,1076.4,1,1,2.0,1.72,4.81
10,5,31,40,0,1371.6,0,2,1.5,1.64,6.78
15,2,41,27,0,1457.5,0,0,1.8,1.74,6.31
39,2,50,48,0,1102.7,0,1,1.1,1.35,4.94
3,1,69,11,0,151.7,0,0,1.6,1.56,1.66
25,6,30,11,0,631.5,0,1,1.9,1.14,3.48
33,3,84,31,0,928.9,0,0,1.0,1.57,3.99
8,5,47,47,0,901.7,0,0,1.5,1.55,3.43
16,5,72,12,0,304.9,0,0,1.2,1.24,2.47
19,1,11,41,8,891.1,1,2,4.0,0.84,7.48
36,5,17,47,19,550.5,0,0,6.1,1.07,8.5
53,4,45,29,8,534.8,1,0,5.8,1.69,8.54
46,4,36,44,10,1257.7,1,2,4.4,1.39,9.06
11,2,49,40,0,656.0,0,1,1.2,1.21,4.13
1,6,15,18,0,810.0,1,0,1.8,1.75,3.29
3,6,47,44,0,861.8,1,0,1.6,1.17,2.59
33,3,68,37,0,862.0,0,2,1.1,1.13,4.94
9,1,72,10,0,351.2,0,0,1.9,1.57,2.56
13,6,24,32,0,915.2,1,0,1.1,1.16,2.79
46,6,34,36,12,528.6,0,0,6.6,1.25,9.79
48,4,52,42,0,996.3,0,0,1.8,1.52,3.96
46,4,51,40,0,252.7,0,1,1.0,1.23,2.2
14,2,79,29,0,1491.4,0,2,1.1,1.12,6.33
34,1,39,21,0,1167.2,0,0,1.0,0.82,4.06
33,6,67,17,0,649.2,1,3,1.9,1.66,4.83
11,3,88,13,0,480.0,0,1,1.0,1.33,2.76
30,2,29,35,1,606.2,0,1,5.8,1.65,9.72
29,5,82,48,0,1093.0,0,0,1.2,1.42,4.35
22,1,33,13,0,996.9,0,0,1.3,1.0,4.44
41,1,33,38,8,1065.1,1,1,3.8,1.16,7.65
37,2,65,33,0,1337.9,0,1,1.9,1.22,5.68
29,3,62,16,0,706.2,0,0,1.8,1.54,3.9
40,3,54,18,0,1017.5,0,0,1.9,1.35,3.8
42,2,23,21,19,684.6,1,0,5.6,1.44,8.92
31,3,9,37,22,971.6,1,0,5.4,1.55,8.32
15,3,90,21,0,733.2,0,0,1.2,1.07,3.6
41,4,87,43,0,1173.9,0,0,1.5,1.68,5.23
39,4,88,24,0,47.7,0,0,1.4,1.25,1.48
54,6,51,14,3,354.9,1,2,4.6,1.46,8.19
9,5,88,13,0,472.8,1,2,1.0,1.02,3.28
23,2,47,26,0,1420.3,0,0,1.7,1.03,5.13
50,6,7,26,43,780.3,1,0,4.0,1.53,6.72
28,4,19,39,9,572.0,0,0,6.4,1.15,9.23
51,2,27,29,24,630.3,0,0,6.8,1.68,10.24
1,3,37,16,0,699.7,0,2,1.2,1.46,4.68
2,5,93,18,0,1307.0,0,0,1.1,1.47,5.56
43,5,33,32,10,1445.0,0,2,5.0,1.18,11.57
20,3,61,23,0,1272.5,0,0,1.4,1.7,5.4
29,1,27,36,2,1268.8,1,3,5.0,1.74,10.34
24,2,64,46,0,330.6,1,1,2.0,1.06,2.29
23,1,56,24,0,432.3,0,1,1.9,1.31,2.5
51,5,15,32,36,910.2,0,3,4.6,1.71,10.28
6,4,46,43,0,998.0,1,0,1.7,0.9,2.82
42,3,10,18,32,335.9,0,0,4.7,1.1,7.07
49,5,88,30,0,1129.6,1,0,1.9,1.75,3.68
36,5,70,22,0,331.9,0,2,1.5,1.28,3.4
22,5,94,35,0,424.0,0,2,1.2,1.75,4.19
9,1,87,39,0,487.9,1,0,2.0,1.18,2.25
37,4,21,15,16,1275.1,0,1,6.8,1.33,12.25
26,6,70,17,0,1108.8,0,0,1.2,1.25,4.07
9,5,10,10,0,814.8,0,0,1.7,1.26,3.72
20,2,96,10,0,1236.8,1,1,1.2,1.72,5.08
52,3,78,12,0,1226.9,1,0,1.2,1.49,3.27
15,6,68,38,0,609.2,0,0,1.3,1.75,3.45
10,1,99,46,0,1180.9,0,1,1.6,1.13,4.92
37,4,84,26,0,341.1,0,0,1.3,1.79,3.61
11,1,86,45,0,774.7,0,0,1.0,1.51,3.39
50,6,10,39,40,212.6,0,0,5.9,0.93,7.38
47,1,2,42,45,663.1,0,0,7.0,1.21,9.98
54,1,96,39,0,799.7,0,1,1.5,1.05,3.45
50,2,25,17,25,156.7,0,2,5.4,1.04,7.53
14,2,42,30,0,715.4,0,0,1.1,1.73,3.97
12,3,4,31,8,991.4,0,2,6.1,1.76,12.04
19,2,62,35,0,936.6,0,1,1.3,0.81,3.84
26,3,82,41,0,119.4,0,2,1.5,0.94,2.87
48,4,84,14,0,179.2,0,1,1.8,1.08,1.35
40,4,58,36,0,553.0,0,0,1.2,1.65,2.79
35,6,66,43,0,1270.3,0,1,1.2,1.41,5.3
48,3,51,14,0,1309.8,0,0,1.0,1.37,5.11
35,4,44,26,0,492.0,0,0,1.6,1.4,2.65
21,5,55,45,0,1089.6,0,0,1.3,1.75,4.79
23,2,93,10,0,883.0,0,0,1.7,1.08,3.77
28,5,25,16,3,1475.8,0,0,6.4,0.92,12.05
5,6,47,42,0,178.2,0,2,1.0,1.41,3.3
41,2,60,16,0,839.9,0,0,1.4,1.77,4.19
36,2,57,38,0,905.1,0,0,2.0,1.51,4.07
40,3,3,46,37,489.2,0,3,4.1,1.69,9.22
29,2,28,29,1,108.6,1,0,4.8,1.7,7.35
43,4,64,29,0,116.1,0,0,1.5,1.02,1.58
52,6,69,27,0,702.3,1,2,1.3,1.49,3.62
31,4,73,24,0,1051.0,0,3,1.8,1.66,6.4
24,1,99,25,0,1062.3,1,1,1.0,0.9,3.47
6,2,67,32,0,304.2,1,0,1.2,1.45,1.78
43,5,57,45,0,1292.6,0,0,1.6,1.07,5.07
49,2,33,49,16,590.7,0,2,6.0,1.62,10.5
38,4,37,44,1,1448.0,0,2,4.5,1.02,11.16
47,5,82,14,0,212.5,0,0,1.6,1.17,1.44
47,2,46,22,1,1261.2,0,2,6.0,1.48,11.57
44,4,71,40,0,1366.2,1,1,1.6,1.36,4.11
28,3,12,31,16,1241.1,1,0,5.9,0.92,8.96
6,1,12,23,0,1220.9,1,0,1.4,1.03,2.49
1,3,21,22,0,567.5,1,0,2.0,1.69,2.45
12,3,19,14,0,1081.5,1,3,1.7,1.79,5.74
24,1,60,23,0,885.8,1,0,1.2,1.49,3.2
41,6,63,26,0,659.7,0,1,2.0,0.81,3.29
25,4,55,26,0,1489.9,1,0,1.3,1.54,3.72
2,1,28,31,0,464.1,0,1,1.7,1.44,3.75
12,6,57,20,0,643.2,0,0,1.7,1.21,2.9
53,6,11,18,42,1358.2,0,3,4.2,1.03,10.79
54,1,47,45,7,462.0,0,0,4.9,0.97,7.33
21,1,15,26,6,262.9,1,1,6.3,0.88,8.24
44,3,7,20,37,492.6,0,1,3.7,1.44,7.62
39,4,16,35,23,1148.6,0,0,4.0,1.14,8.62
51,5,11,31,40,1295.4,0,3,6.4,1.32,13.19
48,3,47,33,1,207.1,0,0,6.3,1.33,8.19
34,4,54,18,0,947.7,0,2,1.2,1.41,5.37
22,1,60,38,0,868.2,0,0,1.6,1.39,3.8
34,4,43,17,0,1016.4,0,1,1.2,1.32,4.84
18,6,17,43,1,1019.7,0,2,6.3,0.96,11.15
19,4,2,26,17,1440.8,0,2,4.3,0.83,10.17
33,3,71,26,0,545.9,0,0,1.4,1.38,2.62
31,2,98,25,0,477.7,0,0,1.7,1.22,2.49
32,6,28,26,4,888.6,1,2,3.8,1.21,7.52
21,1,20,36,1,667.0,1,0,5.7,1.23,8.71
23,2,31,29,0,731.7,1,3,1.1,0.91,4.16
1,1,21,15,0,141.1,0,0,1.3,0.98,1.34
33,6,22,32,11,256.4,0,0,5.6,1.46,7.64
32,3,49,20,0,1405.6,1,1,1.9,1.31,4.48
51,6,78,14,0,139.7,1,0,1.6,1.41,2.33
28,4,71,43,0,901.6,0,0,1.6,0.93,3.78
26,4,95,22,0,1141.7,0,0,1.4,1.61,4.27
4,4,35,33,0,57.3,0,4,1.5,1.17,3.84
11,2,49,16,0,365.2,0,1,1.4,1.41,3.37
19,4,38,23,0,590.5,1,4,1.1,1.27,5.25
21,5,4,25,17,780.0,1,0,4.5,1.27,7.02
20,6,38,15,0,538.7,1,0,1.6,1.58,2.55
22,4,26,48,0,987.5,0,0,1.5,0.91,3.89
42,6,47,22,0,370.5,0,0,1.2,0.87,1.66
8,6,15,33,0,77.2,1,0,1.9,0.9,1.0
18,4,74,32,0,42.3,0,0,1.2,1.8,2.06
9,3,84,27,0,544.4,0,0,1.7,1.73,2.75
17,1,96,33,0,568.0,0,1,1.8,1.5,3.21
37,2,8,32,29,1425.0,0,0,3.9,1.25,9.51
3,6,11,13,0,105.4,0,0,1.8,0.89,1.37
19,1,96,36,0,813.9,1,0,1.8,1.62,3.45
2,3,84,14,0,883.6,0,0,1.5,0.99,3.68
52,5,58,27,0,1060.9,0,1,1.6,1.07,4.65
40,2,32,24,8,972.6,0,2,5.2,1.64,11.17
14,6,51,27,0,51.9,0,2,1.4,1.06,2.16
11,4,53,12,0,962.5,0,0,1.7,1.64,4.27
6,1,84,38,0,510.7,0,0,1.2,1.59,3.03
26,2,52,26,0,1168.4,1,2,1.6,1.64,4.9
41,5,2,12,39,315.0,0,3,5.1,1.47,9.1
32,6,69,10,0,1085.7,0,0,1.7,1.15,3.73
48,6,77,31,0,953.2,0,0,1.4,1.45,4.08
19,6,29,36,0,992.3,0,1,1.2,1.63,5.0
16,1,11,31,5,296.9,0,4,4.8,1.55,9.44
26,5,14,38,12,1017.0,0,0,4.4,1.66,8.81
11,1,84,40,0,1116.0,0,0,1.9,1.78,5.15
53,1,44,44,9,754.5,0,2,4.2,1.49,8.38
11,5,52,49,0,536.9,0,1,1.2,1.73,3.96
26,3,96,45,0,283.2,0,0,1.7,1.07,2.51
29,4,6,41,23,463.3,0,0,7.0,1.77,9.88
4,6,20,27,0,1155.2,0,1,1.3,1.71,5.58
26,1,83,30,0,637.7,0,1,1.7,0.84,3.13
25,4,54,34,0,1066.0,0,1,1.9,1.39,4.91
15,6,2,16,13,1120.5,1,0,6.2,1.3,9.06
7,3,70,37,0,1024.3,0,0,1.5,1.62,5.24
3,4,13,33,0,1023.4,1,1,1.0,0.93,3.37
1,3,78,30,0,931.8,0,0,1.9,1.33,3.76
27,6,79,43,0,796.9,0,0,1.8,1.3,3.3
5,1,82,37,0,328.8,0,0,1.5,1.2,2.16
52,6,46,47,6,1270.5,0,0,5.8,1.79,10.46
14,5,26,49,0,1447.8,1,1,1.2,1.34,4.74
36,5,88,43,0,721.1,1,0,1.7,1.21,2.27
37,3,55,21,0,1402.5,1,1,1.8,1.66,4.75
27,4,63,17,0,1497.1,0,1,1.8,0.94,5.92
48,3,13,21,35,749.8,1,0,6.6,1.09,9.31
6,2,62,38,0,1097.6,0,2,1.2,1.08,5.49
13,6,58,44,0,979.9,1,0,1.1,1.73,3.67
14,4,29,45,0,386.4,0,2,1.2,1.68,4.24
8,5,76,37,0,108.8,1,0,1.9,1.41,1.48
16,1,13,37,3,701.9,0,4,5.2,1.12,11.28
17,5,71,48,0,1189.3,0,0,1.5,1.27,4.79
42,4,96,37,0,514.7,1,1,1.0,1.37,2.79
17,6,56,15,0,1185.3,0,0,1.5,1.34,4.43
48,1,10,30,38,996.0,1,0,6.3,1.06,8.99
42,4,55,24,0,1055.5,0,0,1.5,0.93,4.09
49,4,52,35,0,457.2,0,0,1.4,1.71,3.05
6,4,55,35,0,726.3,1,0,1.1,1.44,3.32
54,1,27,21,27,305.3,0,0,6.8,0.95,8.49
34,3,62,21,0,400.0,1,1,1.9,1.79,3.26
54,2,26,13,28,171.2,0,0,5.8,1.21,7.11
20,4,55,21,0,225.1,0,0,1.6,1.53,2.94
52,2,59,43,0,347.3,0,3,1.9,0.98,3.2
32,3,64,36,0,887.1,0,1,1.6,1.73,5.54
4,4,79,47,0,684.2,1,0,1.6,0.88,2.01
23,1,88,47,0,429.7,1,0,1.5,1.76,1.71
8,5,77,44,0,1297.2,0,0,1.2,1.53,5.71
51,5,79,17,0,806.7,0,1,1.3,1.03,3.91
17,1,86,23,0,1387.7,0,2,1.9,0.98,5.89
13,1,24,12,0,967.0,0,1,1.4,1.64,5.18
30,6,29,13,1,63.0,1,3,4.9,0.84,7.73
23,2,53,19,0,1373.7,0,1,1.8,0.91,5.53
6,6,46,21,0,1291.9,0,4,1.1,1.47,7.76
45,3,70,10,0,967.5,0,1,1.6,0.88,4.28
46,3,0,43,46,820.8,0,1,6.4,1.34,10.86
41,2,13,31,28,701.3,1,1,5.0,1.37,7.94
34,4,74,36,0,744.0,0,1,1.2,0.82,3.76
22,1,82,36,0,1163.1,0,0,1.4,1.18,4.32
30,3,30,48,0,789.2,0,0,1.8,0.83,2.69
29,3,31,15,0,297.0,0,0,1.9,1.77,2.55
9,1,56,23,0,124.9,0,0,1.8,1.02,1.28
5,3,47,22,0,224.2,1,2,1.1,1.49,3.3
14,4,16,32,0,407.1,0,1,1.2,1.47,2.67
25,5,50,31,0,576.9,0,0,1.6,1.57,3.6
9,1,81,41,0,1342.9,0,0,1.7,1.14,4.76
6,6,72,32,0,389.1,1,0,1.0,0.98,1.0
47,6,81,19,0,506.6,0,2,1.1,1.33,3.45
21,5,64,32,0,365.6,0,2,1.1,1.49,3.53
32,6,87,48,0,836.8,1,0,1.3,1.56,3.15
29,3,24,33,5,940.9,0,0,6.8,0.85,10.29
40,5,4,33,36,816.9,1,3,6.0,1.55,10.18
40,5,11,17,29,1429.7,1,1,6.7,0.91,10.34
16,4,99,10,0,1493.3,1,2,1.5,1.32,4.56
46,2,64,18,0,1262.6,0,0,1.4,1.36,5.06
21,4,24,11,0,1215.7,0,0,1.4,0.93,4.37
46,6,85,28,0,574.4,1,1,1.1,1.76,3.51
22,6,30,45,0,886.5,0,0,1.3,1.44,3.35
6,3,59,27,0,553.1,0,2,1.3,1.02,3.51
42,2,24,35,18,1185.2,0,1,5.6,0.85,11.1
2,5,9,44,0,290.9,0,0,1.6,1.58,2.64
42,1,26,40,16,356.3,0,0,5.9,1.64,8.45
3,1,22,36,0,96.5,1,1,1.5,0.89,1.26
12,4,55,41,0,929.1,0,3,1.3,1.06,5.75
33,6,2,21,31,1045.3,0,0,5.3,1.44,10.26
51,2,23,26,28,44.9,1,1,5.4,1.22,6.84
23,3,56,25,0,785.7,0,0,1.1,1.14,3.02
7,2,39,41,0,590.2,0,2,1.2,1.22,4.1
13,3,63,26,0,1196.9,0,1,2.0,1.31,5.41
49,1,65,47,0,96.8,0,0,2.0,0.98,1.43
40,4,96,17,0,110.9,0,1,1.8,1.19,2.7
6,4,83,16,0,945.5,0,1,1.6,0.87,3.78
21,2,22,38,0,903.8,0,1,1.7,0.81,3.96
15,2,69,40,0,1253.4,0,0,1.6,1.78,5.61
10,5,62,37,0,904.7,0,1,1.6,0.85,4.23
46,2,59,22,0,1426.1,0,2,1.2,0.84,5.79
34,1,79,10,0,499.0,0,0,2.0,1.69,2.9
10,1,14,22,0,621.0,0,0,1.8,1.78,3.39
36,6,37,28,0,1467.4,0,2,1.2,1.64,7.53
23,3,81,26,0,197.0,1,1,1.5,0.94,1.49
4,1,89,46,0,1202.0,0,0,1.8,1.44,4.76
25,6,3,44,22,56.9,1,2,6.0,1.5,8.97
11,1,47,41,0,750.3,0,0,1.4,1.57,3.33
14,3,26,10,0,264.0,0,2,1.5,0.91,2.85
48,1,16,15,32,914.3,0,0,4.4,1.19,7.54
39,5,5,27,34,1205.3,0,0,5.9,1.08,10.49
8,5,53,34,0,88.2,0,3,1.2,1.45,3.37
46,5,66,37,0,279.1,1,1,1.0,1.14,2.23
32,2,53,21,0,540.2,1,0,1.4,1.31,1.93
48,2,36,14,12,413.5,1,3,3.5,1.43,7.37
41,6,77,23,0,599.5,1,3,1.8,1.67,4.33
19,5,65,41,0,1429.7,0,2,1.5,1.72,7.36
29,1,90,49,0,187.8,0,0,1.3,1.49,2.25
29,5,34,47,0,658.0,0,0,1.5,0.96,2.33
39,5,23,33,16,707.4,0,1,3.7,1.69,7.67
14,4,45,13,0,449.3,1,2,1.5,1.0,2.65
18,4,50,48,0,446.6,0,0,1.6,0.85,2.19
14,1,45,16,0,1083.5,0,0,1.2,1.24,4.28
16,1,83,20,0,942.1,0,0,1.0,1.48,4.11
9,1,4,48,5,1226.7,1,0,3.9,0.95,7.94
2,1,52,30,0,631.4,0,1,1.3,1.1,3.27
51,6,43,17,8,925.8,1,0,6.4,0.88,9.35
5,4,21,30,0,1344.6,0,1,1.1,1.42,5.76
48,5,64,13,0,1282.9,0,1,1.5,1.51,4.96
1,2,80,22,0,1383.2,0,0,1.7,1.32,5.34
42,6,54,48,0,432.7,1,2,1.7,1.24,3.47
18,2,8,21,10,1478.7,1,0,6.8,1.65,11.21
28,6,7,45,21,1231.9,0,0,5.1,1.22,9.93
16,1,42,31,0,1200.4,0,0,1.3,1.24,4.68
27,1,66,36,0,1014.7,0,0,2.0,1.38,4.11
25,1,31,38,0,1475.6,0,0,1.5,1.5,6.03
29,5,30,32,0,684.7,0,3,1.8,1.58,5.03
22,2,86,11,0,1122.6,0,0,1.6,0.84,3.82
29,3,1,46,28,1060.3,0,0,5.5,1.65,10.32
45,3,7,29,38,1108.8,1,2,4.6,1.25,8.75
24,5,15,36,9,1137.1,1,3,6.5,1.71,12.26
20,3,98,32,0,318.5,1,0,1.6,1.34,2.05
8,1,49,36,0,549.6,1,0,1.3,1.28,1.95
20,3,15,24,5,612.7,1,0,5.6,1.0,7.25
7,2,31,43,0,1132.1,0,0,1.5,1.27,4.3
10,5,96,18,0,1085.7,0,0,1.3,1.29,5.21
52,5,69,36,0,1256.7,0,1,2.0,1.69,5.75
5,1,22,33,0,1191.2,1,0,1.1,1.69,4.0
27,5,24,30,3,910.2,0,0,6.0,1.29,9.43
46,1,7,10,39,244.3,0,1,6.5,1.67,9.04
52,4,77,25,0,967.8,0,0,1.7,1.65,4.35
8,3,13,11,0,1335.1,0,0,1.5,1.75,6.16
9,2,28,30,0,979.0,0,2,1.6,1.16,4.61
21,3,34,37,0,1347.6,1,0,1.7,1.01,3.1
30,2,62,30,0,1498.6,0,0,1.8,1.74,6.34
52,5,60,40,0,564.4,1,0,2.0,1.38,2.9
12,6,79,24,0,1096.0,0,1,1.9,1.27,5.1
9,5,29,22,0,828.3,1,1,1.3,1.21,3.42
14,3,38,27,0,704.3,0,0,1.7,0.88,2.58
48,4,38,19,10,390.2,0,0,4.3,1.0,5.95
2,3,4,42,0,399.0,1,0,1.1,1.09,1.37
21,5,73,42,0,310.1,1,0,1.5,1.35,1.58
7,4,53,26,0,962.0,1,2,1.5,1.32,4.15
9,3,47,41,0,247.4,1,4,1.5,1.34,3.54
50,3,99,11,0,669.8,0,0,1.5,0.88,2.88
1,3,17,16,0,804.1,0,0,1.6,0.81,3.0
18,4,96,21,0,679.8,0,1,2.0,1.26,3.56
50,5,68,25,0,1288.2,1,0,1.2,0.99,3.51
33,3,22,19,11,687.0,1,0,4.4,1.69,6.93
4,5,67,30,0,160.9,1,3,1.1,1.23,3.66
26,5,75,41,0,1488.6,1,0,1.2,1.15,3.99
53,3,36,28,17,1273.7,0,0,4.7,1.34,9.33
22,6,34,27,0,1003.7,0,0,1.0,1.43,4.72
29,2,83,12,0,1144.2,0,1,1.2,0.88,4.31
29,6,16,21,13,227.2,0,1,5.6,1.54,8.79
36,2,1,42,35,1158.2,1,0,6.5,0.94,9.54
11,4,66,42,0,343.3,0,1,1.5,1.19,2.17
46,2,90,14,0,753.9,1,0,2.0,1.16,2.0
54,3,50,10,4,299.9,0,3,4.7,1.37,8.44
8,3,13,43,0,1140.5,0,0,1.4,1.49,5.05
45,5,53,16,0,399.1,1,0,1.7,1.6,2.22
45,1,25,32,20,409.7,0,1,5.8,1.33,8.78
41,6,82,43,0,199.5,1,0,1.2,0.96,1.32
21,6,61,41,0,1092.1,0,1,1.7,1.5,4.47
26,4,33,32,0,471.9,0,0,1.6,1.28,2.92
46,4,62,25,0,796.7,0,0,1.7,1.39,4.14
9,5,66,40,0,525.1,0,0,1.1,1.24,3.02
45,2,67,37,0,1171.1,1,0,1.7,1.22,3.08
50,5,36,43,14,370.7,1,0,6.2,1.5,8.03
37,2,57,30,0,1413.6,1,0,1.7,1.32,3.36
19,5,4,47,15,509.2,0,0,5.8,1.67,8.53
31,2,40,40,0,191.6,1,2,1.2,1.54,3.76
3,5,37,12,0,390.8,0,1,1.7,1.28,2.92
51,5,53,21,0,148.0,0,0,1.6,1.01,1.75
19,2,95,41,0,724.4,1,0,2.0,0.82,2.36
4,4,95,14,0,405.4,1,0,1.5,1.01,1.75
43,3,48,38,0,1333.6,1,0,1.2,1.08,3.04
36,2,64,23,0,795.0,1,0,1.8,0.92,2.46
34,4,10,18,24,380.7,0,0,4.4,1.47,6.58
3,6,48,31,0,698.9,0,3,1.5,1.13,4.99
41,1,68,47,0,326.2,0,1,1.7,0.83,1.95
35,6,68,45,0,300.9,0,0,1.3,1.24,1.95
43,6,96,26,0,479.0,0,0,1.2,1.58,2.8
45,4,46,10,0,198.1,0,0,1.1,1.14,2.2
12,4,90,45,0,315.4,0,0,1.3,1.7,1.75
12,3,97,45,0,1409.5,0,0,1.7,1.65,6.49
50,1,57,34,0,1013.5,1,0,1.3,1.69,3.15
29,4,9,35,20,1384.8,0,0,4.8,1.47,10.18
24,5,37,31,0,415.0,0,0,1.2,1.61,2.94
16,2,76,10,0,1291.2,0,1,1.7,1.19,5.54
35,5,58,16,0,568.9,0,0,1.5,1.49,3.41
41,5,93,15,0,250.5,0,3,1.2,1.02,3.6
1,5,81,46,0,1214.9,0,0,1.6,1.0,5.18
30,3,6,11,24,127.1,1,0,5.8,1.74,8.01
54,3,86,32,0,631.1,1,0,1.9,1.35,2.39
16,3,35,24,0,1236.2,0,0,1.3,0.87,4.21
16,6,81,10,0,941.1,0,0,1.5,1.0,3.49
48,6,50,46,0,796.4,0,0,1.2,1.26,3.99
4,3,45,10,0,556.3,0,0,1.5,1.65,3.85
22,6,7,44,15,149.6,0,0,4.9,1.7,7.38
25,4,11,41,14,1486.8,1,0,4.5,0.91,6.85
44,3,59,41,0,295.2,0,1,1.6,0.86,1.47
7,1,56,16,0,412.8,0,1,1.2,0.92,2.65
24,4,55,45,0,384.4,1,1,2.0,1.47,2.62
9,4,15,33,0,1365.6,0,3,1.7,1.33,6.89
43,6,50,26,0,1155.0,0,0,1.1,1.54,5.28
35,5,6,37,29,707.7,0,2,6.1,1.39,11.03
27,1,14,23,13,1434.9,0,0,5.6,0.9,10.66
22,4,49,21,0,117.1,0,0,1.4,1.06,1.0
9,5,61,21,0,1344.8,1,1,1.2,1.13,3.56
50,3,65,32,0,128.2,0,0,1.3,1.51,1.9
35,3,98,34,0,611.1,1,0,1.2,1.4,2.59
18,5,85,19,0,118.8,0,0,1.8,1.75,1.66
23,4,37,19,0,1498.5,1,0,1.3,0.95,3.75
40,5,78,47,0,1375.0,0,0,1.5,1.74,5.06
39,3,9,30,30,893.8,0,1,6.5,1.02,9.69
25,2,85,44,0,358.1,0,0,2.0,1.14,1.86
17,4,38,23,0,444.1,0,0,1.8,0.83,2.58
36,6,76,21,0,696.3,0,0,1.8,1.1,3.62
36,4,97,21,0,511.3,0,2,1.9,1.0,3.0
33,5,70,31,0,71.1,1,3,1.8,1.02,2.26
4,1,92,41,0,998.1,0,1,1.5,1.37,5.04
26,6,1,30,25,935.6,0,0,6.7,1.58,10.8
34,2,17,21,17,1360.3,1,0,6.1,1.54,10.45
52,6,62,48,0,736.2,0,0,1.4,1.63,3.99
29,3,54,32,0,543.3,0,1,1.3,1.53,3.95
19,6,12,25,7,786.8,1,0,5.7,1.78,8.54
31,6,71,10,0,324.3,1,1,1.1,0.82,2.08
10,5,5,32,5,953.3,0,0,5.2,1.79,10.42
5,6,99,34,0,1164.2,0,2,1.4,1.21,5.69
37,4,15,47,22,264.1,0,0,7.0,1.28,9.02
54,6,44,19,10,504.8,0,0,5.1,1.38,7.77
46,2,82,16,0,1307.0,1,0,1.3,0.81,2.49
32,1,51,49,0,778.1,1,1,1.5,0.98,2.48
3,4,74,32,0,816.5,0,2,1.2,1.25,4.37
54,5,70,11,0,1094.7,0,0,1.7,1.57,4.12
25,5,94,14,0,883.7,1,3,1.9,1.67,4.29
16,4,46,29,0,141.6,0,0,1.1,0.95,1.0
49,4,97,34,0,1213.8,1,0,1.8,1.06,2.87
41,4,51,19,0,1387.3,0,0,1.9,1.41,5.61
41,6,89,24,0,117.8,0,0,2.0,1.16,1.39
15,6,73,39,0,217.0,0,2,1.8,1.1,2.71
54,1,13,48,41,1064.9,1,0,4.9,1.18,8.17
25,4,64,29,0,922.5,0,0,1.1,1.5,4.73
29,3,87,26,0,598.5,1,0,1.1,1.0,2.82
41,5,12,24,29,827.3,0,1,6.9,0.86,10.72
36,4,83,15,0,1066.9,0,3,1.4,0.8,5.4
10,6,10,12,0,776.5,0,2,2.0,1.33,4.5
17,3,87,43,0,244.7,0,0,1.2,1.05,1.96
20,5,78,11,0,170.6,0,0,1.5,1.36,1.79
52,1,15,42,37,680.7,0,0,6.4,1.68,9.97
39,6,72,19,0,1387.4,0,3,1.0,1.09,6.67
20,1,11,37,9,854.4,0,0,3.9,0.98,6.99
40,3,56,48,0,563.0,1,3,1.3,0.8,2.6
40,6,92,39,0,1366.7,1,2,1.2,1.78,4.99
22,6,20,39,2,607.4,0,1,6.3,1.32,10.42
22,3,17,20,5,783.4,0,1,5.9,1.6,10.78
49,3,42,33,7,210.1,1,0,6.3,1.66,8.65
31,1,36,35,0,1116.6,0,0,1.1,1.8,4.82
9,6,4,27,5,1062.4,1,0,4.8,1.66,8.0
39,1,45,11,0,1199.6,0,0,1.2,1.09,5.09
32,1,25,46,7,514.8,1,1,6.6,1.36,9.01
28,3,12,17,16,676.6,0,0,4.7,1.76,8.41
40,1,27,48,13,285.8,0,2,6.2,1.43,10.14
49,1,2,47,47,1448.2,0,2,6.4,1.57,13.25
18,4,91,10,0,165.7,0,0,1.2,1.71,2.08
23,5,99,39,0,987.6,0,0,1.6,1.41,4.64
11,2,36,35,0,1069.7,1,0,1.4,1.49,3.35
35,5,87,19,0,270.3,0,0,1.8,1.39,2.23
22,4,46,42,0,573.4,0,1,2.0,1.14,3.86
19,2,91,14,0,103.0,0,1,1.1,1.05,1.0
38,5,17,19,21,852.6,0,1,6.7,1.43,11.24
23,4,28,47,0,1492.6,0,0,1.3,1.78,5.78
26,5,73,39,0,667.6,0,2,1.7,1.72,4.65
24,1,22,14,2,1485.4,1,1,5.3,1.01,9.45
14,2,82,15,0,224.3,1,4,1.5,1.64,3.99
7,2,42,20,0,613.0,0,2,1.9,0.82,3.75
45,3,40,12,5,1356.9,1,1,4.7,1.39,9.1
5,6,45,17,0,1320.0,0,0,1.8,1.73,5.57
18,5,79,32,0,512.4,0,2,1.1,1.76,4.36
37,4,0,10,37,1030.8,1,0,3.7,1.4,6.83
8,4,75,21,0,1333.8,1,0,1.8,1.43,3.68
36,6,77,22,0,1159.6,0,0,1.4,1.19,4.53
40,3,82,48,0,957.6,0,0,1.1,1.52,3.93
36,2,99,48,0,262.8,0,0,1.5,1.05,2.25
17,1,78,43,0,146.6,0,0,1.7,0.83,1.22
2,2,52,23,0,937.3,0,2,1.1,1.64,5.28
48,4,46,31,2,770.4,0,1,5.9,0.86,9.65
18,3,38,30,0,387.5,1,3,1.8,1.46,3.73
44,3,82,44,0,467.4,1,2,2.0,1.24,3.58
11,3,39,39,0,612.4,0,0,1.3,0.84,2.9
9,6,57,46,0,763.5,1,1,1.4,0.96,2.85
43,6,9,32,34,609.8,1,1,6.7,0.9,9.52
51,1,31,46,20,605.4,0,0,5.7,1.01,8.52
47,1,26,39,21,209.0,0,3,5.5,1.44,8.78
41,2,43,39,0,1303.8,1,3,1.1,1.37,5.57
14,6,50,36,0,929.4,1,0,1.7,1.23,2.16
50,3,71,23,0,253.3,0,2,1.2,1.64,2.23
37,6,43,34,0,658.9,0,0,1.1,1.55,3.68
10,4,15,24,0,648.4,1,3,1.5,1.48,4.4
7,4,54,35,0,916.9,1,1,1.7,1.4,3.65
48,2,5,20,43,928.9,0,0,4.3,1.5,8.94
15,3,84,41,0,982.0,0,2,1.6,1.03,4.93
42,1,77,32,0,1058.9,1,0,1.2,1.06,2.74
8,4,22,38,0,190.9,0,0,1.6,1.1,1.92
16,2,26,18,0,485.2,0,1,1.6,1.54,3.23
16,2,2,41,14,65.3,0,1,5.0,1.23,6.88
16,1,36,42,0,703.8,0,0,1.1,1.76,3.86
37,5,3,15,34,667.0,1,1,6.2,0.84,8.85
50,6,93,24,0,1112.1,0,0,1.1,1.18,4.24
50,3,13,37,37,284.0,1,0,6.0,0.95,7.27
41,4,65,44,0,962.0,0,1,1.2,1.62,4.53
11,6,57,39,0,487.8,1,0,1.9,1.28,1.84
52,4,23,28,29,597.6,0,0,4.4,1.42,8.16
30,4,80,21,0,1090.2,0,3,2.0,1.4,6.07
30,3,10,46,20,144.5,1,2,5.9,0.88,8.19
38,4,88,44,0,540.5,1,1,1.8,1.58,2.53
42,4,74,45,0,611.3,0,1,1.2,1.62,4.81
52,5,63,22,0,1085.0,0,2,1.3,1.41,5.31
32,4,87,27,0,330.9,0,2,1.8,1.08,2.71
33,4,40,19,0,1423.2,1,0,2.0,1.52,3.94
41,1,28,48,13,1496.7,0,0,4.4,1.5,9.86
14,6,15,44,0,1235.6,1,0,1.9,1.71,3.96
17,6,92,16,0,477.6,0,0,1.6,0.92,1.76
34,2,40,19,0,1009.2,1,0,1.5,1.71,3.84
4,2,82,32,0,161.4,0,1,1.5,1.69,3.03
18,6,33,26,0,1312.1,0,1,1.5,1.1,5.36
39,2,95,28,0,793.3,1,2,1.2,1.52,3.4
53,5,87,24,0,297.6,0,0,1.3,1.06,1.63
29,5,30,36,0,518.0,1,0,1.1,1.04,1.95
22,6,48,45,0,1209.1,0,0,1.1,1.44,4.47
24,1,79,46,0,1310.5,0,0,1.3,0.85,4.23
38,3,22,28,16,798.8,1,0,6.9,0.9,9.54
30,4,2,43,28,741.3,0,3,3.7,1.46,8.98
2,6,28,37,0,1136.1,0,0,1.6,1.75,5.04
30,2,59,17,0,1246.2,0,1,1.7,0.83,5.13
22,2,13,41,9,1156.7,0,0,5.3,0.82,9.37
38,2,33,24,5,601.3,1,0,6.3,0.87,8.18
48,5,91,35,0,977.2,0,2,1.5,0.8,4.85
52,6,7,38,45,1291.7,0,3,6.2,1.73,13.55
33,1,5,47,28,261.6,0,0,5.0,1.27,7.19
20,2,42,47,0,606.7,0,2,1.8,1.49,4.83
24,2,1,42,23,122.7,1,0,4.8,1.22,6.24
10,6,2,30,8,637.0,1,2,6.9,1.8,10.42
51,3,18,26,33,1167.5,0,0,5.4,1.28,10.4
46,2,10,27,36,327.7,0,0,7.0,1.74,9.59
47,2,81,48,0,831.2,0,1,1.9,1.45,4.11
18,4,12,18,6,93.4,1,2,4.7,1.75,7.96
18,3,52,30,0,1350.6,0,2,1.6,1.3,6.39
47,1,70,37,0,1237.2,0,0,1.6,1.68,4.77
30,5,62,10,0,805.6,0,2,1.1,1.13,4.77
39,3,65,35,0,1070.4,1,0,1.7,1.46,3.95
27,2,35,20,0,191.7,0,0,1.6,1.42,2.08
24,5,88,21,0,1274.0,0,0,1.1,1.29,4.84
35,5,6,34,29,1084.3,1,0,4.1,1.3,6.67
44,1,10,10,34,215.2,1,0,6.4,0.97,8.46
19,1,85,16,0,1471.8,0,1,1.2,1.71,6.28
44,1,6,28,38,72.9,1,0,3.8,1.25,4.68
14,5,19,33,0,957.6,0,1,1.3,0.95,4.27
22,4,17,14,5,290.8,0,0,3.7,1.5,6.38
50,5,3,24,47,1090.1,0,1,5.9,1.53,11.53
52,4,11,22,41,142.8,1,0,4.4,0.85,5.26
50,3,57,31,0,158.4,1,0,1.5,1.13,1.37
18,4,66,22,0,720.8,0,1,1.3,1.38,3.99
46,5,8,10,38,1491.3,0,3,6.5,1.62,14.37
51,3,94,31,0,443.7,1,4,1.7,1.11,4.28
53,6,9,43,44,934.3,0,0,5.2,1.1,9.06
2,6,68,33,0,797.2,0,3,1.5,1.54,5.79
41,5,80,24,0,1269.5,1,1,1.4,1.02,3.27
54,6,52,29,2,461.3,0,2,6.6,1.7,10.87
42,3,49,15,0,850.2,0,0,1.3,1.59,4.1
13,1,10,19,3,1427.9,0,0,3.6,1.69,9.35
42,3,24,27,18,525.6,0,0,4.8,1.15,7.36
6,5,85,33,0,681.5,0,2,2.0,0.97,4.06
26,5,34,29,0,1337.7,1,0,1.0,1.39,3.48
34,3,3,48,31,525.4,1,0,6.1,0.99,8.95
25,2,72,35,0,595.8,0,1,2.0,1.07,3.8
38,3,68,10,0,484.0,1,3,1.3,1.2,4.06
13,5,6,30,7,1221.9,0,1,5.8,1.26,10.92
33,1,5,33,28,1398.4,1,1,6.0,1.12,9.73
35,2,11,11,24,961.4,0,0,6.7,1.08,10.45
35,2,5,25,30,950.5,0,2,4.0,1.05,8.91
16,5,61,44,0,609.4,0,0,1.9,1.49,2.72
17,3,13,24,4,58.2,0,0,6.0,1.11,7.44
14,1,60,28,0,293.9,1,0,1.7,1.49,2.37
25,2,17,18,8,255.3,0,0,4.4,1.54,5.89
32,1,97,13,0,209.2,0,1,1.3,1.51,2.34
20,3,72,22,0,994.9,0,1,1.9,1.71,5.53
23,6,37,40,0,239.1,0,0,1.9,1.75,2.56
16,4,42,49,0,165.0,0,0,1.8,0.95,1.12
12,6,6,36,6,598.6,0,0,4.2,1.12,7.29
36,5,5,43,31,403.6,0,0,4.4,1.59,6.94
45,6,53,35,0,253.0,1,2,1.0,1.58,3.03
16,2,2,36,14,253.3,0,1,5.2,0.87,6.95
47,6,63,27,0,414.1,0,0,1.7,1.76,2.95
31,2,38,12,0,823.8,0,0,1.4,1.66,4.37
10,3,13,26,0,1146.8,1,2,1.5,1.7,4.6
20,5,53,44,0,1285.1,1,2,1.7,1.0,4.53
1,2,55,31,0,1137.1,0,3,1.9,1.3,6.18
3,2,74,40,0,957.2,0,0,1.2,1.24,4.35
19,1,19,12,0,1365.1,0,0,1.1,1.16,4.9
25,1,54,18,0,798.8,0,0,1.6,1.03,3.86
44,4,84,21,0,964.7,1,1,1.2,0.94,3.38
8,6,26,24,0,641.0,1,0,1.2,1.67,2.85
46,2,83,49,0,518.0,0,1,1.2,1.33,3.46
13,3,72,28,0,524.3,1,0,1.2,1.4,2.14
8,6,42,36,0,256.5,1,1,1.5,1.06,1.86
38,5,88,35,0,1203.0,1,0,2.0,1.74,3.89
42,1,96,26,0,120.8,1,2,1.8,1.74,2.63
33,4,23,48,10,1025.0,0,0,5.1,1.47,9.29
7,1,97,18,0,1302.1,1,1,1.1,1.12,3.57
7,2,0,11,7,766.2,0,0,6.5,1.03,9.92
22,2,12,39,10,142.5,0,1,4.6,1.4,7.16
25,4,4,36,21,665.5,0,1,6.0,1.63,10.53
54,2,36,20,18,541.1,1,0,6.0,1.77,8.58
16,2,93,44,0,1478.9,0,0,1.7,0.87,4.81
11,2,60,16,0,1049.2,0,0,1.2,1.13,3.61
52,3,61,20,0,1093.2,1,0,1.8,1.19,3.16
9,4,8,16,1,793.1,0,1,5.8,1.17,10.27
2,3,51,17,0,1075.7,0,0,1.4,1.47,4.52
23,2,38,39,0,1095.0,0,0,2.0,1.35,4.49
22,4,47,38,0,136.9,1,0,1.2,1.69,1.92
34,4,26,35,8,365.0,0,0,3.8,1.02,5.95
48,1,20,44,28,58.9,0,0,4.2,1.2,5.92
51,6,95,12,0,784.3,0,1,1.6,1.34,4.8
16,6,55,34,0,1318.7,1,0,1.1,1.62,4.06
53,4,41,14,12,929.9,1,3,4.4,1.62,9.46
35,4,7,48,28,770.3,0,1,3.7,1.66,8.03
4,5,76,35,0,1391.9,1,0,1.2,1.32,3.67
51,3,47,40,4,291.4,1,2,7.0,1.04,9.6
8,3,38,32,0,148.9,1,1,1.1,1.53,2.21
32,3,66,25,0,1379.3,0,1,1.5,1.75,6.29
43,1,13,37,30,1358.1,0,0,6.0,1.09,11.19
14,6,53,43,0,1037.1,1,1,1.7,1.0,3.35
15,2,86,17,0,399.1,0,0,1.9,0.82,1.86
26,2,46,44,0,1455.9,0,0,1.1,1.47,5.67
48,6,0,39,48,1157.4,0,0,4.6,1.35,8.92
13,4,22,13,0,1023.9,0,0,1.1,0.93,4.14
36,4,5,47,31,365.5,0,1,4.1,1.0,6.55
25,2,50,17,0,789.1,0,0,1.5,1.46,3.31
7,2,36,34,0,1241.0,0,0,1.0,1.24,4.95
39,5,13,15,26,1296.0,1,2,4.5,1.03,9.03
45,3,68,17,0,859.7,0,0,2.0,1.41,3.57
32,1,17,35,15,803.3,0,0,4.3,0.85,7.66
10,6,34,37,0,1058.6,0,0,1.0,0.82,4.07
9,3,98,37,0,811.2,0,3,1.8,1.06,5.72
23,5,6,23,17,649.8,1,1,5.9,1.09,8.57
28,3,24,42,4,164.7,0,1,5.4,0.9,7.3
30,4,31,11,0,224.0,1,2,1.6,0.91,2.18
14,5,50,44,0,1150.0,1,1,1.2,0.97,3.66
28,6,24,22,4,76.0,0,2,7.0,1.52,9.84
16,2,97,34,0,116.4,0,1,1.7,1.61,2.84
38,5,0,46,38,1360.8,0,2,6.1,0.98,11.92
44,6,94,20,0,1067.8,0,1,1.3,1.46,5.23
36,4,53,26,0,46.2,0,0,1.6,1.03,1.08
1,1,3,43,0,495.6,0,0,1.6,1.68,2.45
54,2,11,44,43,1154.4,0,0,6.8,1.07,11.39
2,2,10,19,0,649.7,0,0,1.5,0.93,2.17
54,1,28,30,26,724.4,0,3,4.7,1.24,9.6
2,5,33,23,0,709.8,0,1,1.7,0.95,3.48
28,6,64,30,0,335.1,0,1,1.7,1.0,2.5
6,4,31,25,0,1093.2,1,1,1.2,1.14,3.58
6,4,72,10,0,190.4,0,2,1.3,1.46,3.12
37,5,29,46,8,780.6,0,1,4.3,0.92,8.13
40,3,26,35,14,288.1,0,0,3.6,1.08,5.47
7,3,27,28,0,107.9,1,0,1.0,1.66,2.76
53,4,32,14,21,249.1,1,0,3.8,1.07,5.18
18,2,83,12,0,1309.2,0,0,1.9,0.97,4.28
18,1,24,29,0,297.2,0,0,1.7,1.33,1.69
17,4,27,35,0,446.4,0,0,1.8,0.83,2.34
25,5,95,20,0,241.6,0,0,2.0,1.6,1.73
10,1,65,39,0,1113.9,0,0,1.7,1.02,3.78
23,2,19,25,4,690.4,0,2,4.3,0.93,7.83
12,2,86,10,0,1417.7,1,0,1.5,1.61,4.2
3,5,18,31,0,1009.9,0,2,1.7,1.64,6.09
20,4,16,17,4,815.8,0,0,4.5,1.53,8.03
37,4,44,10,0,998.7,0,4,1.8,1.03,6.23
42,4,69,15,0,99.0,0,1,1.5,1.33,1.24
20,2,18,21,2,1428.0,1,2,5.9,1.77,10.96
18,5,75,30,0,1436.4,1,0,1.5,1.28,3.95
43,1,15,49,28,443.2,0,1,4.2,1.75,7.66
37,1,78,18,0,957.3,1,0,1.3,1.48,3.47
45,5,9,12,36,334.8,0,0,5.3,1.64,7.11
49,4,46,17,3,839.3,0,1,4.8,0.99,8.48
45,2,64,22,0,1165.4,0,0,1.7,1.73,5.22
51,3,26,18,25,1412.1,0,0,6.3,1.65,12.14
23,1,61,22,0,535.3,0,2,1.9,1.59,4.4
22,5,68,48,0,1052.5,0,0,1.1,1.74,4.82
18,5,65,25,0,1086.0,0,1,1.1,1.59,4.84
13,2,39,35,0,362.9,1,0,1.5,1.38,1.73
41,3,77,37,0,958.4,0,0,1.2,1.45,5.0
39,2,73,15,0,996.9,0,0,1.1,1.62,4.03
44,3,32,19,12,1155.6,1,0,5.5,1.55,8.54
10,2,73,26,0,1499.9,0,2,1.5,1.39,7.01
27,2,91,28,0,98.7,0,2,1.3,1.4,2.41
12,3,81,10,0,335.4,0,0,1.6,1.68,3.27
49,6,73,35,0,251.8,0,0,1.1,0.81,2.49
15,5,76,22,0,265.5,0,2,1.0,1.52,3.29
8,2,80,22,0,703.2,0,0,1.0,1.37,3.49
31,6,28,34,3,1322.7,0,0,5.6,1.64,10.38
48,2,72,47,0,695.1,0,0,1.8,1.01,3.36
50,6,19,44,31,1016.0,1,1,3.8,1.33,6.64
6,2,35,49,0,589.7,1,0,1.6,0.93,1.47
18,4,93,26,0,506.7,0,0,1.9,1.46,2.95
9,2,28,14,0,1258.0,1,3,1.2,1.56,5.56
17,5,84,18,0,997.1,1,3,1.9,1.42,4.26
29,2,42,23,0,552.3,1,1,1.7,1.35,2.66
16,6,20,22,0,1374.7,1,1,1.7,1.14,3.47
4,1,9,18,0,767.8,0,3,1.9,1.44,5.17
28,4,54,16,0,314.9,0,1,1.1,1.7,2.87
3,1,45,17,0,745.5,1,1,1.5,1.52,3.13
13,6,51,36,0,1025.1,0,0,1.5,0.82,3.98
1,3,4,29,0,576.0,1,0,1.7,1.31,2.4
5,5,26,11,0,1271.9,1,2,1.2,1.54,5.02
24,6,0,32,24,818.4,0,1,6.6,1.3,10.74
46,4,30,43,16,722.9,0,0,5.9,1.39,9.61
42,1,93,27,0,1293.7,1,1,1.5,1.71,4.47
6,2,15,22,0,715.9,0,2,1.2,1.67,4.64
2,2,68,20,0,645.0,1,0,1.1,0.88,2.19
19,6,0,25,19,191.4,1,1,6.1,1.31,8.14
36,6,56,21,0,569.2,0,0,1.1,1.42,2.93
41,3,92,46,0,619.7,0,1,1.2,1.65,4.34
45,6,34,49,11,303.7,0,4,5.3,1.07,9.78
19,2,19,23,0,898.2,1,2,1.0,0.94,3.48
10,5,57,46,0,250.0,0,2,1.2,1.4,3.52
2,3,27,44,0,366.6,0,1,1.7,1.27,2.42
8,2,89,13,0,859.2,0,0,1.2,1.06,3.41
4,2,84,29,0,432.7,0,1,1.2,1.74,3.26
47,3,65,36,0,973.9,0,0,1.6,1.12,3.9
15,3,63,26,0,1048.1,0,1,1.7,0.86,4.66
45,2,60,28,0,479.9,1,0,1.4,0.86,1.88
30,3,73,29,0,167.6,0,0,1.8,1.0,1.63
30,1,46,37,0,754.6,1,0,1.8,0.92,2.26
25,6,96,21,0,175.6,1,0,1.6,1.19,1.44
45,3,34,33,11,792.2,0,0,5.5,0.88,9.06
3,1,0,19,3,1100.3,0,0,5.3,1.36,9.26
6,4,69,45,0,945.7,0,0,1.0,1.21,3.68
23,6,66,13,0,694.5,0,0,1.5,1.4,3.53
22,3,98,12,0,1421.0,0,2,1.1,1.79,7.48
30,6,39,11,0,188.6,0,0,1.2,1.79,2.21
40,4,42,23,0,1324.8,0,2,1.9,1.22,6.01
32,5,56,34,0,1208.2,0,0,1.0,1.17,4.17
14,2,39,49,0,652.8,0,2,1.3,1.48,4.26
18,1,78,28,0,263.2,0,1,1.2,1.17,2.72
41,3,42,17,0,267.6,0,3,1.6,1.58,4.55
11,6,78,24,0,1385.8,0,2,1.8,1.4,6.36
28,5,42,15,0,381.2,0,1,1.4,1.0,2.36
30,5,22,28,8,1316.2,0,0,5.7,1.21,10.69
41,6,99,39,0,774.8,0,0,1.4,1.66,3.31
39,3,52,11,0,714.1,0,0,1.9,1.35,3.82
26,2,70,41,0,944.5,0,2,1.8,1.51,4.88
17,6,59,19,0,354.0,0,2,1.2,1.51,3.73
20,4,35,36,0,665.4,1,0,1.9,1.28,2.53
23,2,97,42,0,1410.2,0,1,1.2,1.1,5.9
12,2,37,41,0,387.9,0,0,1.5,1.4,2.6
34,6,99,36,0,1385.5,0,1,1.2,0.91,5.42
12,1,43,37,0,1491.5,1,1,1.4,1.4,4.66
36,1,2,17,34,115.8,1,0,6.0,0.9,7.39
41,5,3,15,38,815.8,0,2,4.6,1.7,10.36
52,1,97,25,0,290.9,0,0,1.6,1.54,1.99
7,2,52,34,0,947.7,0,1,1.9,0.98,3.59
42,6,38,34,4,1484.7,1,1,5.1,1.58,9.23
5,3,81,41,0,1349.4,0,0,1.2,1.53,4.75
19,5,61,22,0,1390.3,1,0,1.8,1.53,3.49
10,3,66,44,0,351.5,0,0,1.0,1.14,1.68
9,1,68,27,0,831.8,0,1,1.8,1.32,4.1
10,2,19,19,0,382.9,0,2,1.0,1.39,3.88
3,5,8,39,0,1353.2,0,0,1.3,1.18,5.27
45,1,72,15,0,319.1,0,0,1.4,1.36,2.05
4,4,2,26,2,264.8,1,0,5.5,1.04,6.81
22,3,71,41,0,57.8,0,0,1.2,1.67,2.54
38,3,12,40,26,305.6,0,0,6.9,1.76,9.74
54,6,26,20,28,317.1,1,1,3.9,1.13,6.18
47,4,70,16,0,153.1,1,0,1.8,1.14,1.44
8,4,62,11,0,1306.9,1,2,1.5,1.02,4.26
54,3,78,13,0,1178.8,1,0,1.2,1.66,4.38
36,3,61,43,0,411.5,0,1,1.1,0.96,2.62
10,5,4,41,6,1183.6,1,0,4.3,1.6,7.98
25,1,83,30,0,656.4,0,0,1.4,1.63,2.93
50,2,21,32,29,1172.3,1,0,5.8,1.12,8.71
22,4,13,23,9,511.6,1,1,6.6,1.58,9.41
10,4,87,17,0,864.4,0,3,2.0,1.25,5.54
48,1,19,10,29,597.2,0,0,4.0,1.15,6.58
52,5,53,36,0,314.0,1,0,1.4,1.69,2.25
53,4,48,11,5,895.0,0,1,5.1,1.25,9.24
52,2,76,14,0,1136.2,0,0,1.3,0.86,3.72
48,5,4,41,44,1139.5,1,2,4.2,1.43,8.28
25,6,10,33,15,560.2,0,0,6.3,1.46,9.3
11,3,41,29,0,797.3,0,2,1.6,1.43,4.84
34,2,47,18,0,1155.1,0,1,1.8,1.16,4.94
12,2,78,15,0,119.6,0,0,1.4,1.48,1.53
26,4,60,28,0,145.0,0,1,1.9,1.09,2.01
36,1,14,24,22,589.3,1,0,3.8,1.26,5.96
52,3,97,31,0,366.3,0,1,1.7,1.02,2.25
16,1,45,16,0,587.0,1,2,1.0,1.41,3.55
14,1,96,19,0,176.9,1,1,1.9,1.61,3.1
40,3,98,14,0,904.3,0,0,1.2,0.9,3.43
1,5,5,26,0,1020.7,1,0,1.3,0.83,2.07
31,6,50,21,0,1196.1,1,0,1.5,1.56,4.12
41,1,42,18,0,989.8,0,1,2.0,1.12,4.94
30,2,49,31,0,618.7,0,1,1.3,1.12,3.94
21,3,30,29,0,1405.0,0,0,1.2,1.36,5.36
45,4,55,18,0,1100.4,0,1,2.0,1.29,4.71
21,6,49,37,0,810.4,0,1,1.8,0.92,3.47
39,5,18,23,21,342.0,0,1,3.7,1.56,7.19
26,4,28,23,0,987.5,1,0,1.4,0.98,3.23
2,1,14,29,0,903.9,1,0,1.4,1.63,2.86
29,1,84,15,0,1037.7,1,0,2.0,1.56,2.46
3,1,67,26,0,1180.4,1,2,1.1,0.97,4.09
51,4,38,33,13,1376.0,0,2,6.8,1.56,13.07
33,2,39,15,0,1425.6,0,2,1.6,1.46,6.39
21,2,7,32,14,960.1,0,0,6.8,1.78,11.24
27,5,28,11,0,1450.3,0,1,1.6,1.51,6.35
34,5,92,34,0,1370.7,0,2,1.3,1.19,5.93
15,3,3,11,12,43.8,1,0,4.8,1.42,6.34
16,6,14,17,2,970.9,0,0,4.0,1.46,8.19
23,5,84,24,0,300.6,0,0,1.9,1.55,1.6
14,5,52,34,0,471.0,0,1,1.3,1.27,3.36
41,6,3,38,38,474.4,0,0,5.1,1.63,7.93
6,2,48,28,0,745.4,0,0,1.8,1.09,2.78
45,5,74,15,0,55.9,0,0,1.6,1.76,1.67
19,6,34,25,0,384.3,1,1,1.0,1.11,2.39
31,6,38,41,0,82.5,1,2,1.1,0.84,2.1
9,4,63,13,0,989.8,0,1,1.1,1.0,4.6
21,5,59,38,0,1338.4,0,2,1.2,1.73,6.81
41,6,90,25,0,1496.8,0,1,1.3,1.59,6.01
15,6,24,10,0,694.9,0,2,2.0,1.24,3.29
8,6,27,37,0,419.8,0,0,1.7,1.71,2.95
29,5,15,11,14,1285.5,0,2,5.5,1.05,11.54
9,3,66,24,0,205.2,0,2,1.6,1.03,2.65
17,5,53,17,0,1462.4,0,1,1.4,0.93,5.89
25,3,34,33,0,1083.7,0,0,1.8,1.24,3.99
31,5,69,12,0,775.7,1,0,1.9,1.31,2.52
35,5,37,13,0,181.1,0,0,1.1,0.95,1.15
37,6,19,31,18,66.6,0,0,5.0,0.91,6.34
46,4,53,49,0,835.0,0,0,1.1,1.19,3.26
4,3,43,11,0,644.2,1,0,1.7,1.03,2.86
20,1,40,28,0,1270.3,0,0,1.9,1.37,4.82
1,4,44,42,0,977.8,0,2,1.8,1.32,5.49
1,4,91,21,0,670.6,0,1,1.2,0.96,3.25
12,4,21,29,0,370.0,1,2,1.2,0.81,3.01
33,5,27,43,6,741.4,1,0,3.8,1.44,6.97
49,6,56,39,0,278.0,0,0,1.1,1.57,2.25
42,1,4,21,38,1013.8,0,0,5.2,1.29,9.48
35,3,14,40,21,924.4,0,2,4.3,1.38,9.87
43,5,56,37,0,1222.7,0,0,1.6,1.76,5.36
10,5,50,30,0,696.3,0,1,1.1,1.57,3.79
46,5,65,27,0,446.8,0,0,1.4,1.13,2.43
49,5,11,47,38,1261.1,0,0,5.9,1.65,10.89
6,6,85,44,0,1048.9,1,0,1.0,1.35,3.2
26,6,48,49,0,1071.8,0,0,1.6,1.32,4.11
45,4,15,37,30,811.0,0,0,6.3,1.49,10.24
26,2,31,24,0,1318.9,1,2,1.5,1.23,3.96
46,4,22,14,24,372.6,1,0,4.9,1.68,6.83
51,5,45,15,6,626.5,0,0,6.4,0.97,8.88
26,1,46,48,0,1202.5,0,0,1.5,1.22,4.6
4,5,43,24,0,234.1,0,4,1.5,0.86,3.2
19,4,46,14,0,1219.8,1,1,1.8,1.51,3.84
12,6,90,18,0,554.8,0,1,1.8,1.07,3.48
26,2,95,10,0,223.2,1,0,1.4,1.23,1.93
32,6,48,31,0,155.6,0,2,1.4,1.69,2.35
26,3,96,33,0,1270.8,0,0,1.8,0.99,4.42
11,4,81,25,0,1176.8,0,1,1.5,0.8,5.16
17,4,81,39,0,460.5,0,2,1.7,1.38,3.93
37,4,22,29,15,209.9,0,0,3.7,1.24,5.68
2,6,43,48,0,401.0,1,0,1.1,0.85,1.73
12,2,35,40,0,351.0,0,0,1.5,1.1,1.77
49,5,9,13,40,1110.3,1,0,4.0,1.04,7.02
6,6,7,20,0,354.7,0,0,1.3,1.06,2.24
23,2,62,40,0,355.5,0,0,2.0,1.59,2.64
12,2,42,31,0,87.1,0,0,1.8,1.1,1.21
6,3,82,40,0,911.4,0,1,1.8,1.29,4.43
23,5,66,23,0,1045.9,0,0,1.8,1.07,3.66
29,6,8,11,21,994.1,1,1,3.9,1.75,8.12
10,5,83,41,0,870.2,0,0,1.3,1.57,3.55
5,5,49,41,0,1450.5,0,0,1.1,1.22,5.08
8,3,56,35,0,730.2,0,0,1.4,1.53,3.85
36,4,96,26,0,1295.8,0,2,1.0,1.11,6.01
47,2,64,10,0,983.2,0,0,1.8,0.88,3.52
10,3,2,39,8,162.9,0,1,3.6,1.23,5.25
18,2,17,36,1,1222.7,0,2,4.0,1.36,9.94
19,1,42,36,0,893.2,1,1,1.5,1.15,3.01
20,6,3,16,17,994.1,0,0,6.6,1.2,10.81
14,5,16,39,0,303.1,0,0,1.7,1.51,2.2
3,4,79,38,0,678.7,0,1,2.0,1.7,3.58
29,1,14,44,15,1325.7,0,1,4.0,1.69,9.54
20,1,16,32,4,354.5,1,1,6.8,1.38,9.19
19,1,50,39,0,40.2,1,1,1.9,1.43,2.09
15,5,9,26,6,416.0,1,0,4.3,1.33,5.94
51,2,25,37,26,751.8,1,1,4.9,1.17,7.64
33,2,93,37,0,1239.1,0,1,1.1,1.54,5.91
23,6,63,41,0,979.2,0,4,1.5,0.91,6.3
12,6,96,44,0,1381.8,0,1,1.6,1.69,6.28
44,5,35,10,9,705.1,1,0,4.2,1.08,6.39
48,2,61,41,0,610.6,1,1,1.1,1.02,2.4
2,4,23,41,0,377.9,0,1,1.8,1.07,2.89
51,2,37,31,14,358.4,0,0,5.0,1.61,7.52
38,6,17,30,21,1114.7,0,0,5.2,1.07,9.78
6,1,83,38,0,157.3,1,0,1.9,1.41,2.02
41,5,18,28,23,394.4,0,0,5.1,1.14,7.51
6,4,20,26,0,1333.4,0,1,1.8,1.46,5.65
3,5,46,42,0,882.3,0,0,1.6,1.39,3.76
7,3,42,41,0,108.0,0,1,1.8,1.8,2.08
25,1,31,18,0,1068.2,0,0,2.0,1.11,4.14
34,5,35,43,0,779.8,0,2,1.6,1.15,4.45
22,4,29,23,0,1287.6,1,1,1.2,1.0,3.28
7,3,91,15,0,1036.4,0,1,1.2,1.26,5.6
11,3,58,45,0,46.5,1,0,1.8,1.64,1.91
47,3,91,19,0,340.4,0,3,2.0,1.01,3.34
52,3,98,18,0,416.6,0,0,1.2,1.76,3.67
41,2,65,20,0,1065.3,0,1,2.0,0.81,4.23
6,2,82,29,0,783.6,0,0,1.3,1.61,4.14
45,2,11,16,34,1131.3,0,0,4.0,1.49,8.75
38,1,94,16,0,788.8,0,1,1.9,1.71,4.35
29,6,48,25,0,518.0,0,0,2.0,1.32,2.68
8,2,71,18,0,191.3,0,0,1.6,1.48,2.53
54,1,24,17,30,335.8,1,0,6.4,0.85,8.13
24,1,9,46,15,625.1,0,0,5.3,1.19,8.23
3,6,88,33,0,845.1,0,4,1.9,1.57,5.47
12,3,44,10,0,1410.4,0,1,1.9,0.91,5.6
22,2,13,14,9,390.0,0,0,4.7,1.58,6.96
4,3,65,42,0,1012.5,1,1,1.0,1.11,3.58
18,1,5,20,13,262.7,0,1,6.1,1.15,8.3
26,2,45,16,0,1082.1,1,1,1.1,1.45,3.64
52,2,70,36,0,56.6,1,1,1.2,0.88,1.3
5,5,72,43,0,997.6,0,0,1.1,1.42,4.63
32,1,45,25,0,278.3,0,0,1.3,1.71,1.89
50,3,36,39,14,303.3,0,1,5.9,0.89,8.46
44,5,83,26,0,856.0,1,1,1.1,1.05,3.19
50,6,18,14,32,588.1,0,1,6.0,0.81,9.01
10,4,7,41,3,728.1,0,0,3.8,1.32,7.04
44,2,15,46,29,491.0,0,2,5.7,1.53,9.9
53,3,80,49,0,1432.1,1,0,1.7,1.73,4.03
18,2,46,14,0,464.4,1,1,1.9,1.17,2.36
27,4,3,32,24,831.4,0,0,5.7,0.95,9.05
29,2,16,34,13,1287.4,0,1,5.0,0.83,10.66
27,4,2,13,25,1009.7,1,4,3.7,1.13,8.23
16,4,81,48,0,511.3,1,0,1.7,1.31,2.36
53,6,46,14,7,846.6,0,1,4.4,1.7,9.02
52,3,6,20,46,161.2,0,1,5.7,1.02,7.65
21,6,22,48,0,836.7,0,0,1.6,1.58,3.44
44,3,61,32,0,669.8,0,0,1.6,1.28,2.58
22,5,59,37,0,1146.6,0,1,1.8,1.67,5.61
43,4,81,29,0,1277.9,0,0,1.2,1.66,4.87
32,5,2,40,30,331.4,1,0,4.2,1.66,6.78
26,3,6,13,20,159.0,0,2,5.0,1.2,7.4
7,5,3,37,4,610.2,0,1,5.6,1.15,9.24
36,3,39,12,0,819.9,0,1,1.5,1.01,3.7
18,3,72,17,0,590.1,0,1,1.2,1.03,3.05
12,3,66,30,0,957.7,0,0,1.4,1.42,3.84
11,5,21,27,0,778.3,0,1,1.2,1.76,4.69
54,4,65,16,0,1407.5,0,0,1.3,1.41,5.68
6,1,65,41,0,637.7,0,0,1.9,1.21,2.92
44,5,19,22,25,160.4,1,1,4.3,1.04,6.37
47,5,74,44,0,480.8,1,3,1.2,1.45,3.93
2,1,42,10,0,924.6,0,0,1.4,1.01,3.18
32,6,5,19,27,413.8,0,3,4.7,0.89,8.55
32,4,39,21,0,432.7,0,1,1.2,0.89,2.57
20,1,76,33,0,535.8,1,0,1.1,1.65,1.65
37,3,69,26,0,1129.4,1,0,1.9,1.18,2.98
23,6,26,16,0,1412.6,0,0,1.2,1.74,5.18
24,2,75,32,0,551.5,0,1,1.9,1.3,2.99
24,6,38,48,0,325.4,0,0,1.0,1.49,2.33
44,3,46,15,0,654.1,0,0,1.7,1.63,3.47
35,2,8,20,27,553.7,0,0,3.5,1.67,6.46
21,3,99,29,0,1485.4,0,3,1.2,0.96,7.04
51,4,83,39,0,717.2,0,0,1.7,1.02,3.03
44,5,19,15,25,1031.8,0,0,6.4,0.95,10.15
51,6,56,19,0,1374.1,0,0,1.4,1.25,5.19
40,2,78,19,0,958.4,0,0,1.9,0.96,4.12
22,6,50,34,0,404.1,1,0,2.0,1.45,1.39
42,4,21,13,21,926.8,0,1,5.4,1.16,10.21
18,1,96,36,0,626.7,0,1,1.7,1.76,3.88
15,6,26,27,0,656.6,1,0,1.2,1.62,2.47
25,3,33,23,0,1469.8,0,2,1.0,1.52,6.68
53,4,37,44,16,446.7,0,0,5.6,1.49,8.06
31,5,89,42,0,724.6,0,2,1.6,0.84,3.65
21,1,50,42,0,273.4,0,0,1.7,0.88,1.96
25,2,71,45,0,300.7,1,2,1.5,1.23,2.9
16,5,90,19,0,921.1,0,3,2.0,1.71,5.32
36,2,92,44,0,1136.5,0,2,1.8,0.89,5.47
19,1,85,17,0,969.2,0,0,1.2,1.22,4.17
30,1,90,23,0,520.8,1,0,1.2,1.59,1.96
20,5,94,32,0,127.0,1,2,1.6,1.12,2.5
18,1,99,39,0,726.6,0,0,1.3,1.73,4.02
53,1,64,33,0,776.2,0,0,1.0,1.73,3.39
19,4,13,32,6,1165.2,0,0,4.3,0.86,8.59
4,1,11,25,0,974.8,1,0,1.4,1.42,2.85
21,4,79,33,0,1312.0,0,0,1.5,0.95,4.89
29,4,31,29,0,1183.2,0,0,1.7,1.24,4.29
6,4,80,29,0,574.2,0,1,1.8,1.7,4.26
17,3,93,33,0,963.0,1,0,2.0,0.87,2.44
9,5,64,34,0,1131.0,0,0,1.8,1.74,4.76
28,4,76,23,0,1437.0,0,0,1.4,1.79,5.64
40,3,27,15,13,656.6,1,3,6.6,1.47,11.15
53,1,43,21,10,986.5,0,1,4.9,1.16,9.18
22,2,96,26,0,613.3,0,1,2.0,1.05,3.72
47,1,81,16,0,1117.2,0,1,1.5,1.23,5.05
12,1,20,17,0,1371.5,0,1,1.2,0.98,4.96
43,2,93,48,0,1382.1,0,0,1.7,0.82,4.78
31,2,49,21,0,269.3,0,1,1.5,0.86,2.2
41,1,84,39,0,338.0,0,0,2.0,1.46,1.93
41,2,52,15,0,1142.2,0,1,1.1,0.82,4.64
29,4,60,48,0,961.3,1,0,1.3,1.1,2.94
14,2,16,18,0,1361.5,0,2,1.9,1.48,6.86
29,2,33,25,0,498.1,1,0,1.5,0.97,2.2
45,1,72,41,0,1278.1,0,0,1.3,1.13,5.62
53,1,84,18,0,1038.3,0,1,1.6,0.83,4.35
51,1,8,31,43,325.4,0,0,4.3,0.91,6.33
10,3,7,41,3,224.7,0,0,4.0,1.03,5.46
33,4,69,10,0,1066.0,0,2,1.3,0.93,5.74
6,5,44,11,0,271.4,0,1,1.3,1.27,2.28
37,4,84,41,0,1199.7,0,1,1.2,0.93,5.55
54,4,6,20,48,853.4,1,0,6.0,1.11,9.17
3,6,34,46,0,736.2,0,0,1.3,1.52,3.35
36,2,3,47,33,442.3,1,0,3.6,1.45,6.17
52,5,70,45,0,1476.4,0,1,1.6,1.18,6.11
46,6,85,49,0,1094.4,0,1,1.4,1.73,5.26
22,4,15,42,7,1176.0,0,0,5.4,1.59,10.3
6,6,32,25,0,1162.3,1,0,1.4,1.41,3.5
50,1,84,49,0,892.7,0,0,1.2,1.24,3.92
50,6,4,23,46,1412.0,1,0,4.2,0.86,8.0
32,4,95,33,0,892.4,1,0,1.2,1.21,2.94
53,2,88,10,0,799.3,0,0,1.9,1.35,3.36
1,1,15,48,0,439.6,1,0,1.6,1.79,2.8
34,5,13,33,21,451.3,1,0,5.6,1.75,7.51
3,3,69,47,0,1115.9,1,0,1.9,0.91,2.69
51,2,1,24,50,528.8,0,0,4.6,1.78,7.79
37,3,50,22,0,1103.9,1,2,1.6,1.55,4.77
50,6,6,30,44,1431.0,0,0,5.6,1.48,11.79
31,3,53,44,0,681.4,1,0,1.7,1.7,2.94
5,1,35,31,0,182.1,1,0,1.0,1.13,1.32
2,2,70,41,0,1013.2,0,0,1.4,1.2,3.85
19,1,88,18,0,53.9,0,0,1.9,1.67,2.12
41,5,48,41,0,1189.0,0,0,1.6,0.9,4.23
9,5,64,39,0,807.5,1,0,1.3,1.51,2.72
47,6,60,45,0,755.0,1,2,1.9,1.61,4.34
13,4,98,12,0,871.4,1,2,1.0,1.69,4.69
27,5,23,25,4,794.0,1,0,6.3,1.02,8.35
11,3,23,13,0,512.7,0,0,1.8,1.48,2.42
26,4,37,26,0,451.0,1,3,1.1,0.89,3.28
25,1,73,40,0,646.3,0,0,1.1,1.66,3.11
1,4,86,35,0,1346.6,0,4,2.0,1.28,6.88
31,4,27,40,4,237.6,0,1,5.7,1.42,7.98
43,1,10,39,33,514.2,0,0,5.3,1.65,8.79
51,4,60,49,0,320.8,0,0,1.4,1.31,2.45
18,5,59,45,0,663.6,1,0,1.4,1.31,3.31
48,3,37,33,11,234.9,0,2,4.7,1.26,7.51
48,4,18,45,30,1150.8,1,0,6.6,1.4,10.44
54,2,84,11,0,191.1,0,1,1.4,1.52,2.79
21,2,84,38,0,1011.3,1,0,1.6,1.61,3.15
46,1,74,30,0,430.9,0,2,1.4,0.83,3.11
31,2,57,48,0,729.4,1,1,1.0,1.15,2.75
4,5,26,30,0,332.0,0,0,1.8,1.23,2.27
15,6,40,17,0,1106.1,0,0,1.5,0.9,4.41
37,4,6,38,31,1424.5,0,0,6.5,1.55,11.99
9,4,24,48,0,363.7,0,2,1.6,1.32,3.76
24,4,45,10,0,1431.6,0,1,1.6,0.8,5.89
42,3,43,12,0,514.9,0,0,1.2,1.43,3.42
9,3,8,36,1,854.5,0,2,7.0,1.14,11.27
27,4,95,32,0,1064.3,1,0,1.4,1.53,3.34
12,5,26,31,0,330.9,0,0,1.9,0.98,2.17
29,3,50,13,0,689.4,0,2,1.8,0.8,3.49
13,4,46,32,0,139.0,0,0,1.7,0.89,1.0
53,3,46,32,7,1057.7,0,2,6.8,1.24,12.15
5,2,84,43,0,648.3,0,0,1.0,1.55,3.26
53,2,74,25,0,1341.8,0,1,1.3,1.4,5.72
43,1,86,23,0,440.0,0,0,1.7,0.81,1.9
47,3,37,13,10,1388.5,0,0,6.5,1.39,12.61
46,5,26,32,20,245.9,0,0,5.2,1.28,7.02
11,5,42,35,0,926.2,0,1,1.5,1.6,5.0
51,6,56,21,0,489.4,1,0,1.2,1.06,2.08
33,1,33,39,0,305.4,0,0,1.3,1.52,1.8
52,5,46,47,6,177.1,1,0,6.4,1.43,8.65
48,5,15,16,33,997.2,0,0,6.8,1.42,11.29
32,3,58,32,0,380.4,0,1,1.1,1.21,2.9
21,2,71,37,0,876.3,0,1,1.2,0.81,4.23
7,3,52,10,0,1470.0,1,1,1.6,0.99,4.04
6,5,87,17,0,501.3,0,0,1.9,1.64,3.38
22,6,99,25,0,91.0,0,0,1.2,1.42,1.02
44,4,90,15,0,248.5,1,0,1.7,1.38,2.09
28,4,9,24,19,214.2,0,0,4.5,1.33,6.51
27,4,88,15,0,716.4,0,2,1.6,0.88,4.1
14,1,33,45,0,1127.2,0,0,1.1,1.15,4.08
31,4,45,33,0,472.8,0,3,1.8,1.42,4.34
35,1,41,23,0,252.9,1,0,1.7,0.93,1.28
54,6,28,41,26,975.5,0,1,5.1,1.72,9.76
40,6,87,10,0,479.7,0,1,1.0,0.87,2.92
33,4,63,33,0,879.7,0,1,1.8,1.48,5.09
50,3,96,37,0,1403.3,1,1,1.2,1.1,3.56
23,5,95,42,0,465.4,0,0,1.5,1.66,3.16
51,4,41,18,10,788.2,0,1,5.6,1.63,9.88
20,5,72,33,0,1217.9,1,0,1.6,1.13,3.03
7,4,50,40,0,1049.9,0,0,1.8,1.26,4.29
23,2,49,41,0,1137.2,1,0,1.7,1.76,3.74
7,1,73,17,0,1168.0,1,0,1.8,1.41,3.48
7,2,68,49,0,828.3,0,2,1.3,0.81,3.88
48,4,91,20,0,822.7,1,0,1.4,1.58,3.37
43,3,77,25,0,1089.6,1,0,1.5,1.16,3.06
12,4,62,17,0,1058.6,0,0,1.6,1.08,4.31
46,2,91,15,0,1018.3,0,1,1.7,1.63,5.51
4,6,10,20,0,597.9,1,1,1.6,1.77,2.67
16,3,76,15,0,1249.7,0,3,1.7,0.86,6.3
39,6,39,39,0,384.9,0,1,1.2,1.19,2.78
17,3,43,33,0,267.4,0,0,1.4,1.08,2.2
40,3,78,25,0,543.9,1,0,1.9,1.7,2.35
48,4,27,31,21,410.6,1,0,6.3,1.67,9.0
4,2,88,34,0,1008.2,1,1,1.1,1.7,3.61
2,2,49,17,0,377.3,0,3,1.7,0.84,3.71
51,3,34,21,17,998.5,1,0,6.5,0.85,9.16
29,5,32,45,0,789.3,0,0,1.5,1.35,3.55
28,1,42,10,0,262.6,0,1,1.7,0.97,1.91
26,3,94,48,0,417.3,0,1,1.5,0.91,2.52
24,5,10,48,14,801.7,0,1,6.8,1.06,11.02
38,5,50,20,0,1110.3,0,0,1.9,1.51,5.2
32,3,83,22,0,621.4,0,0,1.5,1.47,3.93
9,1,47,18,0,379.9,0,0,2.0,1.59,2.86
34,1,56,32,0,470.8,1,0,1.3,0.86,1.76
37,3,34,18,3,178.9,0,1,5.7,1.57,8.49
7,5,13,41,0,76.7,1,0,1.7,1.29,2.1
21,1,63,25,0,1460.8,0,0,1.6,1.11,5.47
43,6,91,48,0,180.8,0,3,1.3,1.41,3.61
34,5,52,44,0,222.3,0,0,1.4,1.6,2.14
8,1,43,26,0,1311.6,0,0,1.2,0.9,4.59
3,3,12,33,0,1008.7,1,3,1.2,1.61,5.12
32,2,94,10,0,676.7,1,0,1.4,1.37,2.27
25,6,86,12,0,987.6,0,1,1.9,1.42,4.57
52,4,90,30,0,1405.1,0,0,1.8,1.68,5.67
29,2,35,28,0,185.1,0,2,1.5,1.51,2.98
51,2,62,25,0,395.8,1,0,1.5,1.38,2.27
12,4,43,13,0,1296.0,0,0,1.0,1.14,5.08
25,1,23,43,2,1179.7,1,3,6.7,1.31,11.77
8,2,20,26,0,1491.6,1,1,1.6,1.64,4.92
32,1,38,28,0,498.3,0,0,1.8,1.8,3.26
11,4,55,26,0,1419.5,0,0,1.4,1.56,4.29
27,5,12,29,15,541.8,0,0,6.7,1.59,9.53
19,3,70,35,0,1084.0,0,0,1.8,1.5,4.84
11,1,45,40,0,1328.8,0,0,1.1,1.57,5.07
6,3,88,31,0,289.3,1,0,1.9,1.04,1.84
28,6,27,16,1,340.2,0,3,3.8,1.22,7.96
52,2,5,44,47,888.2,1,1,6.3,1.36,9.64
11,1,31,21,0,1272.0,0,3,1.6,1.35,6.43
22,1,97,10,0,155.3,0,0,1.4,1.4,1.85
13,5,32,11,0,1282.3,1,0,1.4,1.77,3.95
44,1,70,40,0,541.0,1,1,1.6,1.66,3.36
23,4,84,25,0,633.1,0,0,1.8,1.63,2.62
53,6,28,10,25,536.2,0,0,6.8,1.63,9.71
14,4,64,42,0,1370.8,0,2,1.4,1.59,6.25
5,3,20,22,0,231.0,0,1,1.8,1.48,1.81
32,2,36,49,0,878.4,1,0,1.5,1.06,2.39
36,1,29,45,7,256.2,0,0,4.0,1.66,5.87
54,1,67,11,0,1395.7,0,0,1.2,1.08,4.93
48,6,87,37,0,1205.0,1,1,1.8,1.52,3.96
48,1,25,34,23,381.4,0,0,4.7,0.91,6.86
35,1,29,16,6,474.8,1,2,6.8,1.35,9.98
20,5,82,23,0,597.0,0,0,1.7,1.12,2.23
24,3,46,29,0,631.9,0,0,1.9,1.5,3.43
8,3,51,15,0,1233.3,0,1,1.2,1.66,6.58
24,5,70,38,0,864.2,0,2,1.4,0.82,4.77
20,4,13,21,7,664.8,1,2,6.6,0.91,9.99
2,6,87,47,0,1090.4,0,0,1.1,1.73,4.78
12,3,36,42,0,708.5,0,0,1.3,1.04,2.89
29,5,65,35,0,227.2,0,1,1.8,1.53,2.53
20,6,43,14,0,196.9,0,2,1.3,1.61,3.36
54,3,75,10,0,515.9,0,3,1.8,1.54,4.27
26,2,61,15,0,920.2,0,0,2.0,0.83,3.54
52,6,17,29,35,236.9,0,1,4.2,1.54,6.73
36,2,18,41,18,843.2,1,0,5.3,1.76,7.91
3,1,87,16,0,433.6,0,0,1.1,1.17,2.17
11,4,51,38,0,1055.3,0,0,1.7,1.51,4.96
39,6,27,11,12,81.3,0,0,4.0,1.08,5.36
30,1,14,20,16,724.8,1,0,4.7,1.8,6.5
17,6,12,33,5,116.3,0,0,6.5,1.01,7.61
29,5,91,43,0,522.5,0,1,1.8,1.11,3.47
49,6,97,41,0,62.7,0,1,1.5,0.97,1.59
21,3,39,31,0,724.9,0,0,1.9,1.76,4.01
3,2,20,11,0,1159.8,0,1,1.9,1.37,5.1
17,4,41,21,0,186.3,0,0,1.6,1.05,1.65
51,1,13,41,38,1113.4,1,0,6.1,0.93,8.95
42,6,54,13,0,892.9,0,3,1.8,1.67,5.65
46,4,62,38,0,776.7,1,0,1.9,0.86,2.39
50,3,98,38,0,915.2,0,0,1.6,1.44,4.59
7,4,31,40,0,530.4,0,1,1.7,1.41,3.61
16,5,19,18,0,1077.1,0,0,1.4,1.57,4.68
4,4,13,19,0,1178.3,0,0,1.5,1.48,4.55
1,6,37,17,0,1176.2,1,1,1.8,1.64,4.53
46,6,60,25,0,433.4,0,1,1.9,0.84,2.45
51,6,6,30,45,994.7,1,0,7.0,1.23,10.13
9,4,75,14,0,256.2,0,2,1.0,0.88,2.98
39,5,46,32,0,763.3,0,0,1.4,1.21,3.74
29,2,79,19,0,43.8,0,0,1.4,1.36,1.84
4,1,46,32,0,322.6,0,0,1.8,1.39,2.65
50,3,15,22,35,962.3,0,0,6.6,1.72,10.63
48,6,2,48,46,1316.6,1,3,6.4,1.72,11.73
31,1,55,22,0,111.6,0,1,1.5,1.11,1.5
39,4,53,44,0,855.5,0,0,1.7,1.5,3.44
22,2,81,17,0,969.7,1,0,1.5,1.51,3.71
43,3,87,13,0,1401.3,0,0,1.8,1.76,5.42
25,1,16,17,9,996.5,1,1,5.7,0.88,8.44
54,5,31,26,23,190.4,0,0,5.1,1.42,7.04
4,5,20,46,0,254.2,1,2,1.6,1.21,2.48
10,5,10,17,0,968.2,0,0,1.4,1.15,4.71
53,5,0,41,53,354.8,1,0,5.5,1.42,7.43
16,2,8,37,8,1395.3,0,3,6.0,1.08,12.87
17,4,52,23,0,1384.2,1,2,1.7,0.84,4.04
43,1,15,23,28,1425.0,0,0,6.0,1.58,11.07
11,3,19,47,0,467.7,1,0,1.7,0.89,1.44
28,4,11,38,17,1086.7,1,2,5.8,1.13,9.64
16,5,72,19,0,1008.0,1,1,1.4,1.39,3.41
11,1,63,46,0,92.0,0,1,1.2,1.42,1.67
53,5,96,26,0,427.7,0,1,1.1,1.47,3.29
11,3,11,13,0,341.9,1,3,1.4,1.79,3.91
6,6,20,42,0,581.4,0,0,1.6,1.2,2.32
37,4,45,44,0,1431.5,0,0,1.3,0.94,5.07
47,4,64,27,0,1274.6,0,0,1.1,0.94,4.85
7,5,13,38,0,468.4,0,1,1.2,1.31,3.62
39,5,21,19,18,813.8,0,0,4.8,1.18,7.46
30,1,42,44,0,320.7,0,0,1.6,1.71,2.37
45,4,1,24,44,445.1,0,1,7.0,1.31,9.65
7,1,39,20,0,134.9,0,0,1.5,1.25,1.41
53,3,75,30,0,978.2,1,3,1.5,1.66,5.47
34,5,52,20,0,999.1,0,0,1.3,1.6,4.2
46,6,43,34,3,1264.2,1,1,3.8,1.51,7.86
20,2,48,39,0,1312.5,0,1,1.7,1.33,5.34
51,3,94,26,0,273.7,0,0,1.7,1.03,2.38
34,4,52,41,0,1124.8,0,0,1.4,1.37,3.78
7,3,53,27,0,236.7,0,0,1.3,0.92,1.4
50,2,93,48,0,585.6,0,1,1.6,1.34,3.26
43,2,15,20,28,792.7,0,1,5.6,1.65,9.46
17,3,9,38,8,112.2,0,0,6.6,1.32,8.63
30,4,44,31,0,268.9,0,0,1.7,0.87,1.01
21,6,31,47,0,435.8,0,3,1.4,0.83,3.56
30,4,20,18,10,226.2,1,0,4.0,1.66,6.02
53,3,11,17,42,1403.8,0,2,6.9,1.02,12.77
49,4,87,44,0,460.9,0,0,1.5,1.33,2.04
12,5,61,46,0,771.7,0,0,1.5,1.58,3.73
53,3,69,39,0,1494.9,1,0,1.7,1.05,3.35
24,3,11,28,13,867.3,0,0,6.3,1.54,10.6
39,2,34,26,5,640.8,0,2,6.3,0.88,10.29
42,6,62,36,0,1397.5,1,1,1.7,1.55,5.18
27,6,52,39,0,364.8,0,1,1.5,0.86,2.49
25,2,69,21,0,302.1,1,1,1.2,1.08,2.35
25,3,66,10,0,821.6,0,1,1.9,1.06,3.83
47,2,41,12,6,663.9,1,1,5.7,1.69,9.68
21,6,78,23,0,1203.6,0,1,1.1,1.33,5.32
16,1,25,37,0,101.3,0,2,1.1,1.64,2.99
20,2,8,27,12,941.9,0,1,6.4,1.38,11.21
11,2,91,34,0,1077.6,0,0,1.4,1.61,4.46
22,4,2,28,20,1459.0,0,0,6.5,1.35,11.84
7,2,28,20,0,252.8,0,0,1.6,1.25,2.16
5,4,11,39,0,399.5,0,0,1.1,1.46,2.86
40,5,23,38,17,1401.4,1,0,5.9,1.09,9.6
5,5,39,48,0,960.7,0,0,1.9,1.72,4.44
31,1,12,43,19,95.6,1,0,5.4,1.71,7.37
43,1,46,25,0,152.9,0,2,1.9,0.87,2.74
40,1,92,38,0,1186.7,0,1,1.0,1.72,5.28
25,6,13,24,12,868.5,1,0,4.1,0.98,6.57
11,4,92,44,0,865.5,1,3,1.9,1.48,3.59
51,4,41,34,10,1324.6,1,3,4.3,1.62,10.1
46,5,59,43,0,392.0,0,2,1.7,1.04,2.99
34,4,44,21,0,274.2,0,0,1.3,0.91,1.43
5,2,31,10,0,936.2,1,0,1.7,1.56,3.12
2,4,10,15,0,1328.3,0,0,1.8,1.24,5.25
18,5,59,31,0,427.3,0,1,1.5,1.29,3.9
9,1,91,48,0,1034.7,0,1,1.0,1.56,4.52
47,4,52,35,0,262.5,0,1,1.4,1.05,2.05
12,3,59,42,0,291.0,1,1,1.7,0.9,2.03
16,1,64,28,0,1356.2,1,3,1.7,1.76,5.48
53,2,38,48,15,212.2,1,1,5.6,1.5,8.31
45,3,12,47,33,75.5,0,2,5.0,1.45,7.71
12,3,50,18,0,1171.4,0,2,1.1,1.13,5.89
21,2,86,44,0,569.3,0,0,1.2,1.8,3.34
28,4,31,10,0,619.1,0,2,1.3,1.02,4.08
36,3,87,33,0,1207.8,0,0,1.8,0.98,4.1
51,3,85,27,0,302.7,1,0,1.8,1.12,2.32
48,5,24,22,24,989.5,0,4,5.0,1.54,10.97
53,1,57,47,0,497.8,0,0,1.9,1.04,2.21
3,3,74,36,0,192.2,0,0,1.4,1.11,1.16
13,1,49,15,0,1043.7,0,3,1.3,1.33,6.24
31,6,69,15,0,505.2,0,0,1.6,1.45,3.08
3,2,91,14,0,1305.2,0,0,1.4,0.95,4.25
20,5,62,22,0,1381.8,0,0,1.5,1.45,5.75
9,2,83,12,0,1279.6,0,0,1.1,1.18,4.59
51,2,80,20,0,510.6,1,0,1.4,1.15,2.16
4,4,81,40,0,385.4,1,0,1.5,0.88,1.76
9,5,85,44,0,1343.5,1,2,1.1,1.77,5.09
11,2,22,41,0,701.3,0,0,2.0,1.49,3.81
9,2,1,29,8,1073.3,0,1,5.1,0.9,9.57
31,6,15,37,16,1247.7,0,0,4.8,1.17,9.65
20,2,24,47,0,445.4,1,0,1.1,0.88,1.55
50,2,69,12,0,213.9,0,1,1.9,1.34,1.85
15,5,50,46,0,952.2,0,0,1.5,1.5,4.18
30,1,46,38,0,901.7,1,0,1.2,0.86,2.1
36,6,0,25,36,434.5,1,0,5.5,1.72,8.45
34,6,68,27,0,893.7,0,0,1.4,1.17,3.25
44,6,36,27,8,1193.9,1,0,5.6,1.03,9.11
11,2,76,16,0,551.0,0,0,1.1,0.93,2.44
28,1,11,19,17,393.8,0,0,6.0,0.95,8.22
44,3,29,21,15,1098.5,0,0,5.1,1.65,9.41
47,3,5,10,42,1187.4,1,0,5.5,1.28,8.71
34,6,28,30,6,1433.3,0,2,6.5,1.6,13.06
36,4,92,29,0,255.5,1,0,1.1,1.03,2.2
47,6,49,23,0,1338.3,0,1,1.6,1.12,5.25
34,5,43,17,0,1157.0,0,1,1.2,1.21,5.47
52,5,27,48,25,1064.8,0,0,4.8,1.25,9.5
7,1,26,37,0,497.1,1,0,1.3,0.9,2.15
19,1,66,28,0,72.4,1,0,2.0,0.85,1.0
7,1,98,38,0,781.0,1,0,1.6,1.8,3.77
5,4,74,24,0,457.2,1,0,1.6,1.47,2.96
26,2,73,18,0,463.1,0,0,1.8,0.85,2.3
13,6,47,36,0,1393.6,1,2,2.0,1.57,4.9
22,1,9,40,13,263.3,0,1,5.3,1.16,7.46
24,6,72,36,0,1404.0,0,0,1.6,1.6,5.78
34,5,80,32,0,775.6,0,2,1.9,1.75,5.09
52,1,51,10,1,1263.9,0,0,3.7,0.83,8.21
46,1,9,35,37,454.0,0,0,5.6,1.76,8.19
21,3,71,34,0,965.5,0,0,1.7,0.97,3.74
18,3,92,26,0,852.6,0,3,1.6,1.1,5.59
42,2,22,19,20,1389.3,1,0,6.2,1.43,10.3
7,4,15,49,0,301.8,1,1,1.7,1.52,2.44
30,1,73,25,0,338.7,0,1,1.7,0.97,2.45
23,1,33,20,0,1425.5,1,0,1.9,0.94,2.87
10,5,71,38,0,183.0,0,0,1.7,1.09,1.38
34,6,70,29,0,966.6,0,0,1.3,1.13,3.77
18,2,26,32,0,128.4,1,1,1.2,1.12,2.11
11,6,4,35,7,152.4,0,0,4.8,0.97,5.96
36,3,55,24,0,911.8,1,0,1.2,1.77,2.97
10,3,40,16,0,845.0,0,0,1.7,1.6,4.28
37,1,85,16,0,876.6,0,1,1.8,1.78,4.69
9,3,35,47,0,731.5,0,1,1.3,0.9,3.25
24,3,24,30,0,1123.8,1,0,1.9,0.88,3.09
44,4,86,26,0,1488.6,0,0,1.7,1.34,5.75
13,1,73,22,0,442.6,0,0,2.0,1.41,2.6
42,2,61,38,0,512.2,0,0,1.2,1.44,2.78
39,3,95,46,0,511.7,0,0,1.5,0.89,2.48
49,1,78,40,0,1154.4,0,1,1.6,1.64,5.68
10,1,86,31,0,548.1,1,0,1.8,1.29,2.3
39,4,79,29,0,1028.0,0,0,1.9,1.17,4.15
51,6,40,44,11,691.0,0,0,4.7,1.3,7.76
42,4,6,44,36,927.4,0,0,4.1,0.84,7.4
11,1,60,25,0,1250.4,0,1,1.4,1.02,5.08
45,6,76,48,0,790.5,1,1,1.7,1.8,3.37
6,4,99,43,0,733.8,1,0,1.1,1.35,2.23
32,5,68,43,0,429.8,0,0,2.0,0.88,2.08
27,2,56,12,0,793.2,0,1,1.7,1.09,4.25
29,4,57,15,0,423.1,0,1,1.8,0.98,2.01
29,1,11,21,18,1271.6,1,2,4.4,1.72,9.26
2,4,0,40,2,607.7,1,2,4.9,1.61,8.75
28,2,4,13,24,228.5,1,2,4.6,1.35,7.82
51,6,90,13,0,390.4,0,2,1.7,1.75,4.6
24,1,79,11,0,820.5,0,2,1.8,1.17,4.52
15,4,26,17,0,1377.8,1,1,1.7,1.66,5.26
54,1,42,46,12,478.8,0,1,6.2,1.27,9.55
6,5,48,38,0,426.0,0,1,1.6,1.65,3.7
27,3,24,38,3,633.6,1,0,4.2,1.7,6.61
28,6,42,21,0,1452.9,1,0,1.4,1.26,3.91
26,4,34,35,0,1274.0,0,2,2.0,0.98,6.04
50,3,69,41,0,258.5,0,0,1.2,0.99,1.49
23,1,75,31,0,936.1,1,0,1.1,1.09,1.78
53,4,9,44,44,1196.1,0,0,4.6,1.02,9.09
4,3,46,32,0,1161.3,1,0,1.9,1.19,3.11
40,1,99,22,0,753.7,0,0,1.2,1.31,3.93
33,4,86,35,0,1108.5,1,0,1.1,0.89,2.6
13,2,79,47,0,892.0,1,0,1.4,1.71,2.99
13,2,73,43,0,334.1,0,0,1.6,0.8,1.34
39,1,0,29,39,121.8,0,0,4.7,0.94,5.77
35,3,97,33,0,579.5,0,0,1.8,0.81,3.4
34,2,73,49,0,130.4,1,0,1.8,1.79,1.46
3,1,88,39,0,616.7,0,0,1.5,1.21,2.5
33,3,90,30,0,1250.2,0,1,1.0,1.0,5.1
53,2,25,21,28,1272.7,1,0,3.5,0.92,7.29
1,1,1,46,0,89.7,1,2,1.2,1.17,2.68
26,3,65,49,0,141.5,1,1,1.4,1.78,3.12
27,1,45,12,0,1018.0,0,0,1.8,1.35,4.12
49,6,2,11,47,770.0,1,0,5.9,1.15,7.88
16,3,27,14,0,258.1,1,0,1.0,1.16,1.45
26,6,99,25,0,1216.1,0,0,1.1,0.92,4.35
39,6,36,16,3,356.1,1,2,4.1,1.32,7.13
4,6,26,45,0,154.1,0,1,1.3,1.22,2.14
44,4,65,46,0,1134.3,1,1,1.4,1.53,4.23
45,3,66,17,0,927.9,1,1,1.8,0.99,2.88
39,5,33,43,6,615.9,0,2,5.2,0.94,8.68
36,1,84,15,0,1051.4,0,2,1.4,1.38,5.06
41,6,58,41,0,1370.6,0,0,1.9,1.54,5.53
43,2,16,24,27,89.9,0,0,5.9,1.3,7.49
49,1,32,11,17,956.4,0,0,6.4,1.59,11.1
24,2,84,27,0,358.5,1,0,1.5,1.64,2.8
25,2,8,42,17,732.2,0,0,5.3,1.72,8.69
35,1,1,47,34,659.0,0,0,6.2,1.18,9.27
11,5,65,14,0,609.4,0,1,1.8,1.7,3.92
47,1,44,43,3,317.9,0,0,6.8,1.51,8.68
42,6,25,21,17,1211.9,0,1,6.4,1.42,11.65
35,3,47,28,0,594.1,0,0,1.5,1.35,3.6
17,5,18,14,0,1335.3,0,0,1.5,0.82,4.41
19,3,37,48,0,557.8,0,2,1.0,1.36,3.77
24,1,23,41,1,1266.0,1,0,4.4,1.58,8.13
36,2,58,35,0,834.9,0,1,2.0,1.79,5.04
43,4,67,39,0,603.0,0,2,1.0,1.23,3.95
37,5,91,44,0,1067.9,1,0,1.3,1.79,3.67
51,2,6,15,45,1188.5,1,0,5.9,0.97,8.11
52,3,32,19,20,744.7,0,0,4.9,1.76,8.99
39,6,26,11,13,661.1,1,0,6.9,1.39,9.5
21,6,57,29,0,883.0,1,3,1.0,1.46,4.93
33,3,53,29,0,894.3,1,2,1.9,1.37,3.35
23,2,87,11,0,661.2,0,0,1.1,1.78,3.56
34,2,91,36,0,1146.2,0,1,1.2,0.84,5.0
44,4,77,10,0,623.6,0,2,1.5,1.21,3.9
20,4,19,41,1,701.4,1,0,4.0,1.68,6.9
28,2,4,38,24,923.8,1,0,5.7,0.97,8.11
3,1,89,42,0,1480.8,0,2,1.3,1.37,6.57
40,3,94,14,0,420.6,0,1,1.4,1.32,3.48
27,5,25,44,2,378.7,0,0,6.8,1.61,8.99
25,1,4,31,21,298.3,0,0,6.5,1.72,9.05
29,3,68,44,0,1046.6,1,0,1.9,1.06,2.94
12,1,58,37,0,695.7,0,1,1.7,1.49,4.36
33,2,88,36,0,607.4,0,1,1.4,1.35,3.59
41,4,57,11,0,338.0,0,0,1.6,1.46,2.76
19,2,76,37,0,1341.1,1,1,1.6,1.0,3.83
8,2,78,27,0,687.0,1,0,1.1,1.07,2.29
21,6,0,43,21,927.2,0,1,3.6,1.35,8.18
11,2,14,37,0,204.3,0,1,1.7,0.8,2.16
21,2,78,12,0,197.6,1,0,1.8,1.52,2.05
34,6,17,45,17,138.3,1,0,5.7,0.96,6.51
7,4,20,12,0,576.3,0,0,1.8,1.73,3.45
41,1,75,21,0,730.4,0,1,1.8,1.66,4.49
13,3,20,18,0,397.1,0,1,1.9,1.42,3.62
49,4,14,48,35,550.5,0,0,6.5,1.69,9.41
40,2,1,16,39,49.1,0,3,5.0,1.79,8.77
15,4,46,43,0,552.6,1,2,1.4,1.57,3.5
31,4,63,18,0,214.0,0,0,1.8,1.43,2.11
6,2,73,36,0,227.4,1,0,1.8,1.25,1.26
6,5,90,13,0,46.6,0,0,1.1,1.61,1.74
52,3,65,25,0,1056.7,0,0,1.6,1.5,4.63
44,6,75,34,0,1399.7,0,3,1.9,1.27,6.58
9,1,21,38,0,947.5,0,1,1.2,1.3,5.06
16,2,34,44,0,180.5,1,0,1.3,1.03,1.0
11,5,30,42,0,1484.9,0,0,1.4,1.59,6.02
22,6,6,30,16,1464.4,0,0,4.0,1.68,9.01
16,2,96,22,0,723.6,1,0,1.6,0.82,1.97
18,6,24,20,0,197.5,0,0,1.1,0.91,1.64
29,2,44,49,0,1092.3,0,2,1.8,1.79,6.26
11,3,35,34,0,1443.7,1,1,1.1,0.98,3.97
48,2,4,46,44,1176.9,0,2,5.8,1.54,11.72
40,3,90,27,0,951.3,0,0,1.0,1.28,4.2
42,6,21,29,21,931.8,0,0,3.6,1.32,7.92
10,5,10,43,0,1467.8,0,2,1.4,0.91,6.69
39,5,34,38,5,146.8,0,0,6.8,0.94,7.71
46,2,14,18,32,258.4,1,0,4.8,1.38,6.55
10,6,99,30,0,1253.0,0,4,1.5,1.18,6.19
41,3,18,18,23,251.9,1,1,3.9,1.6,6.0
20,4,30,40,0,599.6,0,2,1.0,1.77,4.34
43,5,27,11,16,451.0,0,0,6.0,1.61,9.2
26,4,2,43,24,395.4,0,1,3.9,1.21,6.62
44,4,1,47,43,77.6,0,0,4.3,1.28,5.7
8,3,51,10,0,866.7,0,0,1.5,0.96,3.54
22,4,23,35,0,625.8,1,0,1.0,1.5,2.34
15,6,8,13,7,845.3,1,2,4.0,1.25,7.1
14,3,29,24,0,484.6,1,0,1.1,1.66,2.23
17,4,27,23,0,1414.5,0,1,1.8,1.45,6.0
21,2,42,30,0,903.4,1,2,1.3,0.97,3.78
7,3,99,46,0,1443.4,0,1,1.6,1.21,5.81
39,5,30,28,9,551.0,1,0,6.7,1.48,9.28
30,4,70,25,0,43.3,1,1,1.1,1.66,2.61
45,2,76,13,0,1180.6,0,0,1.7,1.15,4.92
39,4,5,45,34,1248.0,0,0,6.5,1.47,11.6
9,5,50,22,0,125.7,1,0,1.7,0.97,1.0
4,1,44,28,0,953.0,0,1,1.2,1.7,4.54
23,1,50,13,0,1005.1,1,1,1.0,1.38,3.25
26,3,17,21,9,252.8,1,3,5.7,1.57,8.98
13,4,46,32,0,846.7,0,0,1.6,1.2,3.65
43,2,12,46,31,395.1,0,0,4.0,1.74,7.53
32,5,94,23,0,64.0,0,0,2.0,1.52,1.78
41,6,58,32,0,1305.7,1,4,1.7,0.95,5.36
6,4,3,45,3,757.9,0,2,5.8,1.35,10.75
45,3,50,24,0,1181.3,0,3,1.9,1.07,5.81
12,1,92,21,0,1095.4,0,0,1.5,1.63,5.12
25,5,74,11,0,1490.8,1,0,1.2,1.58,4.47
24,6,27,46,0,679.4,1,1,1.7,1.29,3.03
45,3,89,14,0,664.2,0,0,1.1,1.1,3.73
15,4,18,18,0,451.4,1,0,1.8,1.65,2.81
14,5,24,15,0,952.7,0,0,1.4,1.65,4.39
19,5,15,38,4,749.7,1,0,6.8,1.31,9.34
20,1,92,24,0,1104.0,0,0,1.8,1.52,4.52
10,5,71,38,0,560.5,0,3,1.1,1.09,4.3
10,6,51,34,0,231.0,1,1,2.0,1.15,2.06
13,5,66,10,0,1299.2,0,1,2.0,1.74,5.89
26,3,25,22,1,1248.9,0,0,4.4,1.54,9.43
19,4,7,10,12,552.5,1,1,6.3,0.87,8.25
22,2,84,12,0,1047.9,0,0,1.0,1.26,4.06
39,4,96,28,0,758.9,0,0,1.4,1.2,2.81
14,2,3,20,11,1151.0,0,0,5.0,1.03,9.46
50,3,5,13,45,609.6,0,0,4.8,1.79,8.36
41,2,55,26,0,822.0,0,2,1.3,0.94,4.35
10,3,4,28,6,124.4,0,2,5.3,1.11,8.18
17,3,72,49,0,295.4,0,0,1.7,1.65,2.19
10,1,94,36,0,1181.4,1,1,1.7,0.93,3.26
15,5,27,25,0,597.1,0,0,1.1,1.18,2.37
20,3,29,28,0,91.3,0,0,1.2,1.43,2.05
8,6,86,13,0,284.7,0,1,1.8,1.14,2.72
1,2,35,25,0,640.9,0,1,1.2,1.21,4.06
24,5,24,33,0,1088.2,0,1,1.3,1.35,5.56
38,2,8,10,30,570.7,0,0,4.2,1.75,7.43
17,4,83,46,0,1128.0,0,0,1.8,1.67,4.64
47,3,92,30,0,1292.8,0,0,1.0,0.91,3.98
20,3,7,41,13,538.1,0,0,4.7,1.37,7.22
49,4,80,21,0,1208.5,0,0,1.5,1.45,4.79
13,5,15,43,0,225.2,1,0,1.0,1.13,1.0
30,2,13,24,17,646.3,1,0,4.2,1.06,5.99
42,6,38,47,4,182.4,1,0,4.9,1.4,6.58
4,2,43,30,0,116.7,0,1,1.6,1.21,2.41
51,2,85,35,0,134.2,0,0,1.4,1.71,1.84
20,2,69,18,0,192.9,0,0,1.2,0.96,1.56
27,6,14,49,13,1260.2,0,3,3.9,0.84,10.64
34,1,58,17,0,833.8,0,2,1.2,1.7,4.55
35,3,87,11,0,1423.2,0,0,1.6,1.7,6.15
2,3,66,27,0,825.5,0,0,1.1,1.22,3.71
47,5,22,43,25,957.9,1,0,5.8,1.55,9.44
34,3,12,46,22,309.3,0,3,6.4,1.65,10.92
54,6,45,44,9,829.2,0,0,5.2,1.05,8.39
26,5,47,32,0,602.5,0,0,1.2,1.45,3.17
34,5,35,46,0,1399.9,0,1,1.3,1.54,5.58
24,5,10,29,14,1403.5,0,1,3.8,1.16,9.34
49,1,11,29,38,329.8,0,0,6.4,1.75,9.1
45,3,52,17,0,945.4,0,0,2.0,1.77,4.58
50,4,94,41,0,971.7,0,0,1.3,1.29,4.34
28,2,59,22,0,861.3,1,0,1.1,0.88,2.91
43,1,43,17,0,221.5,0,0,1.5,1.72,2.2
20,1,93,24,0,994.9,0,2,1.3,1.32,5.66
25,5,69,34,0,1206.7,0,1,1.9,0.94,5.03
42,4,71,20,0,544.0,0,1,1.2,1.53,3.18
5,2,57,24,0,791.2,0,1,1.9,1.49,4.25
39,5,76,23,0,209.8,1,0,1.7,0.94,1.34
1,5,50,33,0,1398.8,0,0,1.2,1.07,4.77
32,5,62,38,0,199.9,0,1,1.4,1.66,2.42
26,6,61,37,0,344.2,1,0,1.5,1.77,1.98
26,6,75,15,0,475.8,0,0,1.5,1.21,2.38
27,2,89,23,0,1245.7,0,0,1.4,0.93,4.19
27,5,29,35,0,1063.0,0,1,1.6,1.15,5.17
22,3,69,18,0,50.2,0,1,1.7,1.31,1.15
25,3,3,12,22,308.0,1,0,5.8,1.1,7.47
31,4,53,22,0,1135.2,0,0,1.6,1.41,4.84
42,4,89,37,0,629.6,1,2,1.9,0.81,2.65
30,3,64,36,0,78.3,0,0,1.5,1.62,1.76
35,6,26,15,9,1447.3,1,0,5.3,1.64,9.3
46,2,60,37,0,260.8,1,1,1.2,1.58,2.55
54,1,35,17,19,785.3,1,1,4.4,1.1,7.63
6,1,43,39,0,402.5,1,0,1.3,1.43,2.32
39,5,22,32,17,1116.7,1,0,5.4,1.17,8.27
13,3,62,15,0,1174.0,0,3,1.8,1.19,5.67
11,3,19,24,0,619.9,0,0,1.2,1.51,3.34
43,4,44,42,0,1001.3,0,2,1.7,1.64,5.37
4,3,93,27,0,1367.2,0,1,1.1,1.63,5.9
46,4,75,37,0,1229.6,0,2,1.2,1.03,5.72
42,1,41,39,1,645.8,1,0,4.2,1.46,6.61
54,1,96,11,0,684.6,1,0,1.5,1.07,2.35
37,6,1,47,36,1334.8,1,0,5.0,1.43,9.6
48,3,95,23,0,90.2,0,0,1.1,1.17,1.67
7,2,35,41,0,73.3,1,0,1.6,1.59,2.19
49,3,82,28,0,340.5,1,0,1.4,1.74,2.5
9,3,94,33,0,1248.3,1,0,1.4,1.09,3.26
17,2,60,24,0,263.7,1,1,1.3,1.67,2.86
7,2,61,44,0,456.5,0,0,1.4,1.54,3.01
22,5,74,14,0,958.4,0,0,1.2,1.37,4.41
41,1,23,45,18,309.0,1,0,5.1,1.32,6.97
15,2,17,18,0,482.5,1,1,1.5,1.12,2.04
45,3,34,45,11,721.7,1,0,4.3,1.0,6.02
33,4,47,10,0,373.0,1,1,1.9,0.88,2.23
34,6,74,10,0,1488.9,1,0,1.8,1.51,3.67
51,6,25,13,26,278.6,1,1,4.8,1.02,7.09
24,2,56,31,0,1280.9,1,1,1.2,1.3,4.51
19,4,0,20,19,726.3,1,0,4.9,1.69,7.76
54,1,3,33,51,228.5,0,1,3.5,1.47,6.6
31,4,96,42,0,213.0,0,2,1.5,0.97,2.77
34,1,85,11,0,770.4,0,0,1.7,1.53,3.74
17,1,86,31,0,556.1,0,0,1.5,1.01,2.62
12,5,32,39,0,382.5,1,3,1.0,1.58,3.59
10,2,51,26,0,1440.1,1,2,1.2,0.88,4.11
13,3,67,47,0,716.5,0,1,1.1,0.94,2.96
11,1,25,36,0,1396.1,0,0,1.2,1.73,5.46
41,5,74,11,0,279.4,0,0,1.1,1.08,2.63
4,5,69,31,0,307.9,1,2,1.6,0.95,2.06
34,4,40,25,0,910.2,0,1,1.4,1.01,3.75
52,6,43,15,9,434.0,0,0,4.3,1.16,6.42
42,3,30,48,12,310.0,0,0,5.3,1.64,7.56
22,2,80,18,0,178.2,0,1,2.0,0.95,2.1
4,1,98,13,0,151.4,0,1,1.2,0.82,1.59
46,2,99,18,0,1139.6,1,3,1.3,1.66,5.19
1,2,77,42,0,452.0,1,0,1.6,1.1,1.58
37,2,34,33,3,1468.5,0,0,5.7,0.88,10.61
37,2,78,42,0,307.4,0,0,1.2,0.83,1.69
11,4,24,28,0,557.5,0,0,1.1,1.7,3.25
40,1,89,14,0,587.4,0,0,2.0,1.32,3.69
10,4,26,25,0,770.2,0,0,1.6,1.41,3.6
13,3,40,17,0,1311.1,0,0,1.5,1.42,5.09
44,5,9,32,35,1258.8,0,0,7.0,1.32,11.04
53,4,8,20,45,54.5,1,2,6.9,1.57,9.75
15,6,39,48,0,637.5,0,0,1.3,1.71,2.84
50,3,55,25,0,1248.8,1,0,1.5,1.44,3.77
50,2,1,22,49,40.3,0,1,3.9,1.64,6.25
42,4,84,49,0,819.1,0,0,1.4,0.81,3.43
8,4,11,30,0,418.8,0,0,1.8,1.28,2.25
17,3,99,16,0,642.6,0,2,1.1,1.4,4.35
37,4,27,29,10,653.6,0,1,5.0,1.0,8.65
54,3,37,20,17,612.0,1,0,6.6,0.96,8.28
44,2,15,38,29,1342.2,1,2,6.9,0.94,11.45
23,2,82,32,0,823.2,0,3,2.0,1.08,5.28
13,6,73,39,0,1359.5,0,2,1.5,1.62,6.56
52,5,7,47,45,1101.0,0,0,4.5,0.83,9.03
15,1,10,39,5,552.6,1,1,3.7,1.4,6.78
19,6,60,23,0,760.6,0,0,1.8,0.87,2.46
53,5,86,18,0,609.2,0,0,1.4,1.39,3.48
31,1,10,31,21,1249.7,1,0,5.8,1.05,8.76
15,5,22,27,0,313.9,1,2,1.7,0.96,2.88
1,4,54,22,0,1407.2,0,0,1.2,1.27,5.39
24,6,10,42,14,887.4,0,2,4.8,1.03,8.54
54,3,30,46,24,933.2,0,4,4.8,1.18,11.06
24,4,1,25,23,794.5,0,0,6.2,1.43,9.82
38,2,49,37,0,849.6,0,0,1.9,1.74,4.01
14,2,71,49,0,1014.8,1,3,1.9,1.42,4.66
42,4,41,10,1,996.4,0,0,5.9,1.31,10.33
42,5,25,24,17,352.7,1,1,5.5,1.36,7.69
33,6,42,39,0,890.4,0,0,1.7,1.27,4.2
42,5,50,29,0,557.8,1,0,1.4,1.36,1.78
32,4,16,41,16,970.1,0,0,6.7,1.37,10.95
21,4,11,28,10,839.8,0,0,4.2,1.29,8.16
40,3,18,12,22,302.3,0,2,5.0,1.59,8.82
46,5,98,27,0,1112.7,1,0,1.1,1.19,3.16
46,2,72,26,0,707.2,0,0,1.2,0.91,2.86
12,2,12,43,0,845.1,0,1,1.9,1.44,4.21
37,6,30,15,7,1022.1,1,3,4.6,1.6,9.17
1,4,41,16,0,993.2,1,0,1.3,1.58,3.04
31,3,18,15,13,1133.4,0,1,6.4,1.05,10.9
31,6,85,32,0,341.9,0,0,1.6,1.45,2.03
20,6,94,49,0,201.2,0,2,1.1,1.8,4.11
54,2,24,34,30,1017.0,0,1,7.0,0.9,10.75
48,4,1,42,47,384.5,0,2,6.8,1.32,10.71
3,3,26,44,0,207.3,0,1,1.3,1.11,1.82
12,5,58,34,0,231.6,0,3,1.7,1.59,3.54
12,6,80,34,0,496.7,0,0,1.5,1.12,2.18
49,4,33,19,16,1488.0,0,1,4.4,1.53,10.34
29,5,27,48,2,269.6,0,1,5.6,0.96,8.2
40,4,24,41,16,475.9,0,0,4.9,0.87,7.34
44,6,0,44,44,1384.3,1,3,5.9,0.9,10.74
42,3,1,49,41,1446.4,1,1,6.3,1.06,11.34
5,3,42,23,0,374.1,0,2,1.9,1.65,3.81
8,3,61,15,0,1325.5,1,0,1.1,0.95,3.24
22,6,1,44,21,242.8,0,2,3.7,0.83,6.08
19,4,20,28,0,1151.8,0,0,1.6,1.65,4.66
41,1,90,48,0,59.0,0,3,1.4,1.17,2.8
9,1,99,37,0,633.7,0,0,1.1,1.39,3.5
21,4,64,20,0,401.1,0,1,1.3,0.88,2.78
13,5,52,24,0,1067.9,1,0,1.4,1.71,3.99
11,3,58,34,0,63.4,0,1,1.9,1.3,1.78
10,4,37,25,0,718.8,0,0,1.8,0.89,3.15
11,5,20,21,0,1057.2,0,2,1.1,1.43,5.66
31,4,37,18,0,108.2,0,2,1.3,1.17,2.73
23,6,69,35,0,1350.2,1,0,1.5,1.15,3.16
24,4,66,11,0,567.3,0,2,1.9,1.21,3.57
26,5,67,13,0,281.3,1,1,1.8,1.31,2.53
41,5,60,11,0,369.2,0,0,1.2,1.42,2.78
47,4,6,39,41,534.8,0,0,6.1,0.95,8.36
29,1,62,11,0,329.6,0,0,1.1,1.55,2.7
35,3,88,26,0,785.4,1,0,1.5,0.83,2.6
40,1,64,14,0,964.1,0,0,1.1,1.5,4.13
38,4,57,33,0,672.8,0,0,1.2,0.98,2.4
8,1,22,11,0,663.5,0,0,1.8,1.25,2.69
54,4,79,11,0,1181.3,0,3,1.4,1.36,6.15
9,3,45,26,0,479.5,0,0,2.0,1.45,2.66
23,1,26,37,0,949.2,1,2,1.8,1.59,4.3
36,1,48,14,0,1343.7,0,2,1.3,1.32,6.25
22,4,12,29,10,363.4,0,1,6.0,1.68,9.17
14,1,92,42,0,945.1,0,0,1.5,1.76,4.7
50,6,70,35,0,1424.0,0,0,1.7,1.78,5.58
4,5,32,40,0,813.5,0,2,1.5,1.12,4.99
14,5,79,22,0,1466.3,1,1,1.9,0.83,4.22
54,2,5,47,49,492.7,0,2,6.9,1.52,11.23
40,5,38,15,2,863.9,0,0,7.0,1.05,10.29
5,4,65,34,0,494.1,0,1,1.0,1.57,3.49
41,3,2,27,39,45.4,0,0,3.6,0.81,4.79
53,1,70,11,0,1496.1,1,1,1.5,1.58,4.62
6,4,81,47,0,390.5,0,1,1.3,0.87,2.29
23,5,59,38,0,1460.7,1,0,1.8,1.68,3.93
26,1,20,19,6,993.4,0,0,4.8,1.45,8.85
8,1,74,12,0,1359.7,0,0,1.2,0.96,4.44
11,3,33,37,0,1452.1,1,0,1.8,1.31,4.8
10,4,73,31,0,869.0,0,0,1.6,1.31,3.11
11,3,62,11,0,1499.5,1,0,1.2,1.68,3.91
22,3,9,49,13,1160.3,0,0,3.7,1.33,8.55
26,2,9,38,17,804.8,0,1,3.6,1.35,7.56
13,1,1,28,12,996.2,1,1,5.8,1.12,9.05
16,1,7,19,9,323.6,0,0,5.4,1.53,7.99
11,1,29,20,0,56.1,1,0,1.7,0.85,1.31
43,5,2,28,41,414.9,1,1,6.5,1.77,9.44
12,5,93,12,0,675.1,0,0,1.0,1.41,3.66
50,3,91,24,0,373.0,0,0,1.2,1.65,2.12
30,1,17,18,13,790.5,1,0,6.8,1.58,9.52
44,3,31,14,13,1000.6,0,3,5.1,1.02,10.8
35,6,74,15,0,997.5,1,0,2.0,1.09,3.49
15,2,66,23,0,1344.9,0,3,1.2,1.08,6.23
33,3,58,25,0,1450.8,0,0,1.7,1.03,4.78
15,4,98,24,0,1340.4,0,0,2.0,0.82,4.77
7,2,62,37,0,945.5,1,0,1.3,1.63,3.27
14,3,66,30,0,340.4,1,1,1.6,1.34,2.22
15,3,50,17,0,1417.4,0,0,1.1,1.39,5.01
8,3,52,48,0,295.3,0,1,1.6,1.29,2.5
2,5,29,39,0,261.1,0,3,2.0,0.92,3.5
51,4,52,28,0,503.7,0,0,2.0,1.24,2.56
28,1,91,11,0,877.5,0,0,1.4,1.09,4.01
22,1,37,46,0,1035.0,0,1,1.8,1.69,5.15
51,3,13,39,38,59.4,0,0,4.4,1.5,6.28
13,6,59,28,0,1175.9,0,1,1.3,0.96,4.97
22,1,78,16,0,295.5,0,2,1.8,1.5,3.3
46,1,95,14,0,472.9,0,0,1.2,1.35,2.99
35,5,54,21,0,510.2,0,0,2.0,0.88,1.91
22,3,78,19,0,525.4,1,1,1.9,0.87,2.13
14,2,25,18,0,1150.1,0,0,1.5,0.95,4.09
2,2,42,26,0,99.8,0,0,1.4,1.61,2.03
5,4,41,11,0,326.9,1,0,1.9,1.63,2.41
9,4,33,23,0,72.6,0,0,1.1,1.41,1.33
43,4,71,44,0,1176.3,1,0,1.5,0.82,2.5
35,2,88,44,0,1476.2,0,1,1.5,1.12,5.92
24,4,32,10,0,1002.9,0,0,1.4,1.2,3.53
43,6,13,37,30,901.6,0,0,4.4,1.08,8.41
9,2,82,49,0,1365.8,0,4,1.3,1.38,7.4
12,3,84,33,0,412.2,0,0,2.0,0.86,1.63
22,1,93,25,0,137.0,0,0,1.8,0.82,1.0
50,4,25,29,25,784.6,0,2,5.3,1.39,10.14
34,1,71,18,0,420.1,0,0,1.5,1.06,2.36
46,2,71,25,0,698.6,1,2,1.7,1.49,3.52
14,5,79,47,0,706.2,0,1,1.5,1.58,4.11
46,1,80,34,0,505.5,1,0,1.7,1.41,1.88
4,6,95,27,0,750.0,0,0,1.9,1.79,3.84
13,3,47,14,0,595.0,0,0,1.2,1.44,3.66
29,3,7,46,22,205.1,0,2,4.8,1.57,8.8
3,4,19,16,0,1305.4,0,0,1.9,1.44,5.1
47,4,88,38,0,1063.9,1,1,1.4,1.61,4.13
47,3,84,22,0,100.3,0,2,2.0,1.19,2.71
30,6,1,21,29,209.0,0,1,5.9,1.23,7.67
17,6,36,16,0,180.9,1,0,1.0,1.14,1.05
6,2,24,25,0,130.1,0,1,1.0,1.38,1.49
34,5,32,37,2,126.2,0,1,6.1,1.17,8.34
30,2,63,26,0,269.4,1,0,1.8,1.79,2.93
42,6,51,10,0,1277.9,0,2,1.2,1.4,6.52
33,2,48,20,0,1249.2,0,0,1.5,1.14,4.72
7,2,43,16,0,1183.4,1,3,1.5,1.31,4.95
7,5,64,26,0,937.5,0,0,1.4,1.58,4.14
43,5,68,46,0,1096.3,0,0,1.1,1.61,5.11
9,1,4,48,5,1118.2,0,1,5.1,1.44,10.36
51,4,13,49,38,1338.4,1,0,5.0,0.8,8.12
6,3,34,14,0,1109.2,0,0,1.1,1.67,4.45
40,4,43,29,0,1115.2,0,0,1.6,1.71,5.11
53,4,99,11,0,1214.0,0,2,1.6,1.67,6.19
24,6,89,29,0,852.3,0,0,2.0,1.47,4.04
4,6,64,33,0,351.0,0,1,2.0,0.83,2.73
48,4,3,40,45,163.4,0,1,3.6,1.75,5.79
11,5,10,23,1,651.8,0,0,5.6,0.87,8.23
29,6,45,11,0,173.9,0,0,1.0,0.95,1.29
54,2,58,28,0,287.2,0,0,1.3,1.43,2.07
41,5,66,27,0,74.8,0,3,1.5,1.26,2.73
3,5,14,34,0,478.3,0,1,1.0,1.55,3.21
45,1,88,13,0,1456.2,0,3,1.0,1.43,6.86
9,6,49,34,0,593.2,0,1,1.3,0.8,3.33
41,5,59,26,0,391.7,0,2,1.4,1.44,3.79
34,3,3,39,31,629.0,1,3,6.0,1.66,10.5
16,3,82,49,0,480.0,0,0,1.9,1.65,2.35
23,3,54,19,0,1023.9,0,2,1.4,0.96,5.67
7,6,22,40,0,966.3,0,0,1.0,1.15,3.77
54,6,31,15,23,79.9,0,0,6.0,0.92,7.76
13,5,35,49,0,786.5,0,0,1.4,1.55,4.06
17,4,2,29,15,92.9,1,0,4.9,1.43,6.41
28,1,94,39,0,1029.0,0,0,1.4,1.28,4.94
37,6,80,41,0,1406.3,0,0,1.3,1.1,5.32
28,1,88,34,0,1364.9,0,0,1.7,1.59,5.41
28,2,35,25,0,340.3,0,2,1.5,1.59,3.53
32,1,55,40,0,1124.3,0,0,1.6,1.29,4.86
47,6,45,29,2,1197.9,1,0,4.6,0.92,7.39
22,3,47,36,0,1302.0,1,1,1.4,1.27,3.92
45,2,58,34,0,419.0,0,1,1.0,1.7,3.24
43,1,45,28,0,698.2,0,2,1.8,1.38,4.21
52,3,77,14,0,363.4,0,0,1.2,1.55,2.35
50,5,5,21,45,75.5,0,0,6.0,1.09,7.93
44,6,19,47,25,1002.2,0,3,4.5,1.14,10.51
14,4,89,30,0,669.9,0,0,1.6,0.92,2.92
42,4,88,35,0,402.3,1,1,1.3,1.14,2.19
40,6,81,20,0,1276.8,0,0,2.0,0.97,4.43
16,6,36,38,0,763.7,1,0,1.6,1.34,2.52
37,2,45,29,0,1492.2,1,2,1.9,1.19,5.47
14,6,2,18,12,1198.3,0,0,6.7,1.64,11.87
29,4,27,15,2,1309.0,0,0,5.0,1.18,10.18
44,6,72,25,0,1169.1,0,1,1.4,1.01,4.97
11,1,34,32,0,194.7,1,0,1.4,0.88,1.0
19,1,48,21,0,134.9,0,0,1.0,1.05,1.47
43,6,12,19,31,1376.0,1,0,5.5,1.5,8.98
25,5,49,20,0,241.8,0,0,1.9,1.43,2.54
52,2,72,21,0,611.2,0,1,1.8,1.42,3.45
1,6,57,39,0,930.5,1,0,1.1,1.66,3.05
39,1,55,29,0,349.4,0,0,1.0,1.05,2.33
44,5,91,28,0,368.9,1,0,1.1,1.27,1.66
50,2,23,16,27,720.7,0,2,4.4,0.97,8.45
9,1,29,31,0,566.9,0,0,1.2,1.02,1.72
54,5,62,48,0,1027.8,0,3,1.8,1.17,5.64
22,6,48,39,0,149.6,0,0,1.0,1.51,2.15
20,1,97,27,0,753.6,1,0,1.7,1.63,2.7
20,1,5,22,15,294.4,0,1,6.3,1.11,9.0
35,4,12,24,23,925.8,0,0,6.7,1.2,10.54
36,1,34,11,2,209.7,0,1,6.9,1.69,10.12
26,5,45,11,0,328.5,0,2,1.9,1.58,3.36
4,6,89,41,0,1213.7,1,2,1.5,1.49,4.59
54,5,49,43,5,383.3,0,0,5.3,1.21,7.09
12,2,43,48,0,1116.1,1,1,1.6,1.14,3.57
6,2,16,35,0,438.7,0,0,1.3,1.52,2.63
33,5,43,47,0,383.1,0,1,1.9,0.89,2.87
23,1,53,26,0,476.8,0,0,1.5,1.34,2.48
34,4,58,20,0,1326.2,0,0,1.8,0.86,4.5
48,3,60,19,0,619.9,0,0,1.6,1.42,2.95
6,5,42,19,0,395.9,1,0,1.3,1.37,2.06
16,2,15,39,1,823.5,0,1,5.2,0.86,9.66
28,5,15,10,13,603.0,1,0,6.6,1.22,7.63
43,5,15,47,28,1193.7,0,0,4.3,0.99,8.68
33,2,61,40,0,1486.1,0,1,1.3,1.6,6.81
21,3,85,25,0,808.8,0,0,2.0,1.71,3.84
33,1,88,38,0,699.6,0,3,1.3,1.11,4.94
53,3,31,15,22,540.8,0,0,4.1,0.83,6.89
26,2,7,27,19,1461.1,1,0,5.6,1.7,9.71
48,1,63,14,0,745.6,1,0,1.8,1.64,2.69
43,4,3,14,40,299.9,0,0,6.1,1.6,8.88
17,4,62,10,0,1455.1,0,0,1.1,1.16,5.49
14,1,38,41,0,1442.9,0,1,1.1,0.88,5.53
42,2,83,39,0,676.2,0,0,1.3,1.77,3.92
12,1,62,45,0,548.4,0,3,1.7,1.29,4.84
19,5,73,49,0,1033.4,0,0,1.4,1.16,4.09
13,3,40,48,0,1250.2,1,1,1.3,1.58,4.38
33,1,84,49,0,767.9,0,0,1.6,1.47,3.85
16,2,52,10,0,523.0,0,0,2.0,0.84,2.17
36,6,62,41,0,480.0,1,0,1.1,1.76,3.0
51,2,36,38,15,516.8,0,0,6.9,1.36,9.38
45,5,44,16,1,212.3,0,1,5.1,0.99,7.2
52,3,84,15,0,1176.8,1,0,1.5,0.82,3.11
2,2,39,49,0,193.2,0,0,2.0,1.35,1.53
25,2,2,45,23,621.5,0,4,6.4,1.39,12.07
12,1,37,23,0,1259.0,0,0,1.7,0.9,4.56
50,5,39,12,11,630.0,1,0,4.1,1.34,6.98
39,3,41,23,0,470.4,0,0,1.2,1.23,2.79
18,3,7,10,11,1424.5,0,0,3.6,1.24,8.85
31,1,12,37,19,224.8,0,0,4.5,1.78,7.0
33,5,32,25,1,1331.9,0,1,5.4,1.1,10.95
27,2,42,11,0,130.6,0,1,1.5,1.68,3.31
26,4,2,49,24,643.8,0,1,4.8,1.14,8.36
3,6,38,43,0,962.3,1,0,1.0,0.98,2.58
25,5,32,46,0,580.3,0,0,1.4,0.95,2.54
19,4,3,49,16,820.5,1,1,4.3,1.74,8.06
45,6,25,10,20,337.8,1,0,4.0,0.82,5.0
47,2,27,41,20,870.8,1,0,4.4,1.02,6.78
41,6,14,41,27,236.5,1,0,6.4,1.14,7.59
2,4,75,41,0,1202.3,0,1,1.4,1.46,5.14
46,3,7,20,39,892.3,1,0,6.7,1.18,9.69
22,2,57,25,0,743.6,0,2,1.9,0.82,4.05
23,5,66,47,0,119.8,0,0,1.9,1.32,1.4
52,6,80,12,0,769.7,0,4,1.2,1.68,6.03
47,5,54,35,0,862.8,0,0,1.1,1.69,4.07
3,1,54,41,0,427.9,0,1,1.3,1.79,3.58
20,3,76,41,0,1029.3,1,0,1.0,1.14,2.38
41,5,85,33,0,152.1,0,2,1.7,0.92,2.07
30,3,21,40,9,344.7,0,0,4.9,0.87,6.25
14,5,79,46,0,1116.8,0,2,1.5,1.67,5.65
29,5,46,40,0,254.9,1,1,1.9,1.55,2.28
47,1,9,14,38,398.5,0,1,3.8,1.43,6.56
13,4,61,19,0,990.2,0,0,1.4,1.3,4.4
41,2,97,22,0,1104.1,1,0,1.6,1.26,3.8
40,3,14,23,26,115.2,1,4,7.0,1.29,10.98
48,3,1,24,47,224.8,0,3,4.0,1.16,7.25
17,5,91,18,0,691.3,0,0,1.2,1.27,3.32
12,6,59,37,0,905.5,0,0,1.3,1.01,3.57
30,3,21,14,9,702.5,1,0,6.8,0.92,8.71
29,4,79,41,0,984.7,0,0,1.2,1.01,4.29
23,4,39,36,0,1143.7,1,0,1.4,1.77,4.43
43,4,33,48,10,1426.3,0,2,6.0,1.79,12.45
44,4,28,10,16,550.8,0,0,4.6,1.55,8.23
14,5,59,21,0,278.1,0,2,2.0,1.64,3.33
43,6,13,45,30,425.6,0,3,5.5,0.9,9.17
13,5,36,29,0,256.3,0,0,1.9,0.92,1.75
23,1,30,32,0,615.6,1,0,1.2,0.89,2.49
2,3,6,11,0,1313.9,0,0,1.3,0.86,4.71
19,3,76,40,0,546.7,1,0,1.2,1.55,2.63
52,4,0,20,52,257.3,0,1,6.1,0.86,8.54
24,4,95,48,0,803.0,0,1,1.2,1.75,4.95
39,5,9,24,30,1488.2,0,0,6.4,1.45,12.28
6,3,35,17,0,314.7,0,2,1.2,0.97,3.33
35,2,9,33,26,1175.7,1,0,4.7,1.62,8.13
21,3,36,29,0,1242.1,0,0,1.3,1.62,4.56
41,6,61,28,0,626.0,1,4,1.7,1.36,5.27
51,2,8,47,43,944.5,0,0,3.8,0.89,7.03
29,1,52,24,0,671.3,0,0,1.2,1.2,2.93
6,6,77,25,0,423.0,0,0,1.1,1.35,2.44
26,2,45,34,0,662.1,0,0,1.7,1.54,3.26
7,4,11,16,0,179.1,1,0,1.7,1.1,1.15
25,5,69,43,0,1072.2,0,1,1.5,1.67,5.45
4,2,18,19,0,1250.6,0,0,1.5,1.05,4.79
35,3,1,19,34,488.8,1,1,6.2,1.8,9.6
17,2,43,10,0,867.1,1,0,1.5,0.92,2.6
11,1,27,23,0,378.9,0,0,1.7,1.63,2.57
1,1,2,33,0,226.1,0,3,1.8,0.93,3.08
48,2,77,38,0,1008.9,0,1,1.3,1.56,5.38
46,3,59,45,0,235.8,1,1,1.7,1.66,2.43
44,4,90,41,0,1181.7,0,0,1.5,1.11,4.3
4,1,48,22,0,436.8,0,0,1.7,0.9,2.47
19,6,43,43,0,1235.0,1,2,1.7,1.8,5.01
53,5,84,17,0,578.0,0,2,1.8,1.77,4.34
32,1,8,18,24,578.5,0,1,4.1,1.56,7.69
7,6,36,24,0,1135.8,1,0,1.3,1.19,3.53
8,1,79,31,0,785.0,0,0,1.3,0.93,3.38
15,4,29,18,0,333.4,0,0,1.4,1.22,2.26
53,3,88,46,0,1281.6,1,0,1.5,1.52,3.31
10,4,28,20,0,536.6,1,0,1.7,0.95,1.95
49,6,41,25,8,190.1,1,0,6.3,0.82,7.37
37,6,89,34,0,647.4,0,0,1.6,1.7,3.23
50,2,24,27,26,878.0,0,1,4.2,1.5,8.55
45,4,96,26,0,930.4,0,1,1.3,1.49,4.94
18,6,4,49,14,1260.0,0,1,4.6,1.75,10.93
45,5,26,27,19,830.5,1,0,3.6,1.32,5.97
10,6,59,14,0,366.6,0,0,1.8,1.12,1.84
16,3,59,39,0,422.0,0,3,1.1,1.71,4.81
12,2,90,38,0,187.2,0,0,1.3,1.79,2.18
8,4,95,18,0,1114.4,0,2,1.3,0.82,5.3
5,5,67,44,0,194.7,0,0,1.6,1.13,1.54
11,6,65,25,0,924.5,0,1,1.9,1.16,4.55
7,5,31,16,0,911.5,0,0,1.9,0.91,3.03
21,5,80,16,0,1186.8,1,1,1.1,1.02,3.8
4,4,64,38,0,149.0,1,2,1.5,0.82,1.44
4,2,2,18,2,336.3,0,0,4.6,1.5,7.38
54,3,83,28,0,1368.0,1,1,1.8,0.91,3.79
5,3,35,39,0,875.5,0,2,1.4,1.69,5.45
4,5,47,44,0,708.2,0,1,1.2,1.38,4.04
2,4,48,29,0,1131.6,0,0,1.5,1.16,3.8
8,5,81,46,0,1357.7,1,0,1.4,1.61,4.42
29,1,26,22,3,424.0,0,2,4.8,1.45,8.68
45,5,39,44,6,1356.2,0,1,4.2,1.55,10.44
40,4,3,20,37,198.7,1,3,3.9,1.68,7.29
32,6,34,12,0,1467.4,1,0,1.2,1.61,4.21
5,3,8,39,0,280.7,1,1,1.1,1.58,2.15
42,3,58,40,0,428.7,0,2,1.7,1.53,3.91
3,1,89,47,0,181.0,1,2,1.5,1.18,2.26
35,5,46,46,0,1213.4,0,1,1.9,1.45,7.22
23,5,91,14,0,1477.0,0,0,1.5,1.37,5.8
48,6,97,34,0,473.6,1,1,1.5,1.76,3.59
17,1,5,38,12,515.4,0,1,5.8,1.3,9.04
35,2,51,34,0,447.3,1,0,1.9,1.02,1.93
24,6,52,10,0,266.0,0,0,1.7,1.26,2.34
29,1,38,11,0,1189.7,0,2,1.6,1.21,5.33
51,4,83,36,0,128.7,0,0,1.8,1.27,1.4
39,3,39,44,0,1453.0,0,0,1.1,1.38,5.87
23,6,5,17,18,1393.9,1,1,4.2,1.75,8.81
25,6,54,11,0,212.9,1,3,1.5,1.08,2.83
39,6,20,26,19,813.1,0,1,5.9,1.77,10.32
19,2,35,22,0,1489.6,0,0,1.7,1.58,5.41
10,4,50,49,0,1284.8,0,0,1.5,0.98,3.97
26,5,72,47,0,1084.1,1,0,1.8,1.08,2.34
4,6,27,32,0,72.8,0,0,1.7,1.71,1.93
10,1,38,47,0,139.8,1,2,1.0,1.6,3.17
23,6,6,19,17,1199.3,0,0,5.8,0.94,11.05
44,3,38,49,6,589.6,0,0,3.8,1.38,6.85
43,1,58,27,0,1015.9,0,2,1.8,1.08,4.63
15,4,61,29,0,1119.2,0,0,1.8,1.43,4.62
23,5,29,12,0,656.4,0,0,1.2,0.97,3.09
9,1,6,17,3,249.3,0,0,6.6,1.15,8.82
41,1,57,17,0,604.6,1,0,1.2,1.19,2.55
14,6,65,29,0,1311.7,0,0,1.7,1.34,5.29
44,6,8,17,36,523.4,1,4,5.6,1.04,9.77
46,1,50,14,0,131.5,0,2,1.7,1.53,3.26
38,6,9,34,29,1440.3,0,1,4.8,1.61,10.66
18,6,45,44,0,1033.8,0,1,1.6,1.44,4.24
52,6,64,12,0,829.7,0,0,1.5,1.7,4.8
38,2,71,32,0,1250.5,0,2,2.0,1.59,6.25
35,4,71,48,0,640.3,0,0,1.1,0.84,2.86
47,6,75,26,0,1478.3,0,0,1.4,0.88,4.12
48,6,24,17,24,1292.1,1,0,5.2,1.46,9.42
5,4,84,13,0,449.6,0,0,1.1,1.52,3.21
48,2,34,47,14,581.7,0,0,6.7,1.77,9.58
42,1,37,26,5,442.6,1,0,4.9,0.8,6.35
12,2,78,14,0,1002.6,0,0,1.5,1.04,4.0
17,1,32,44,0,973.4,1,0,1.1,1.63,2.86
41,2,7,42,34,802.9,0,0,6.1,1.69,10.26
12,1,71,38,0,1450.1,0,1,1.2,1.26,6.32
25,5,66,13,0,729.5,0,0,1.9,1.28,3.48
38,4,58,13,0,1184.2,0,1,1.5,1.65,5.04
36,4,14,18,22,1000.8,0,0,5.5,1.26,9.26
50,5,63,16,0,796.6,0,0,1.5,1.59,3.82
7,3,19,31,0,101.5,0,1,1.0,1.75,2.5
16,3,55,25,0,999.9,0,1,1.7,1.06,4.39
54,2,50,40,4,978.2,0,0,5.9,1.07,9.67
31,3,77,14,0,222.3,0,0,1.4,1.74,1.74
14,2,97,39,0,1202.0,0,2,1.5,1.22,6.04
16,4,19,47,0,721.8,0,0,1.8,0.82,3.1
19,6,11,15,8,513.3,0,0,5.0,1.3,7.95
30,4,55,36,0,1243.0,0,0,1.2,1.42,5.12
16,2,95,30,0,541.3,0,2,1.7,1.04,3.59
34,5,15,13,19,947.9,0,0,4.9,1.53,8.93
25,5,48,21,0,942.2,1,3,1.8,1.03,3.94
33,3,40,41,0,117.1,0,1,1.9,0.92,2.34
9,2,31,44,0,657.3,0,1,1.5,1.05,3.47
34,5,66,24,0,365.3,0,0,1.3,1.33,1.79
50,2,29,14,21,331.4,0,1,4.4,1.66,7.55
8,6,49,19,0,996.2,0,0,1.5,1.33,3.45
18,2,84,43,0,56.7,1,0,1.9,1.65,1.83
38,3,37,32,1,1454.9,1,0,6.0,0.86,9.4
34,5,2,27,32,617.3,1,1,5.2,1.17,7.79
37,1,88,10,0,476.3,1,1,1.0,1.24,2.28
31,2,27,41,4,1383.2,0,3,3.8,1.6,11.2
37,1,77,28,0,750.5,0,0,1.3,1.41,3.53
33,3,76,31,0,936.9,0,2,1.7,1.59,4.69
4,4,52,43,0,1055.9,1,2,1.9,1.14,4.47
41,2,8,32,33,1312.3,0,2,6.8,1.73,13.05
25,3,95,47,0,229.4,0,1,1.7,1.61,2.35
3,5,68,32,0,159.2,0,0,1.2,1.72,2.65
23,6,42,23,0,1490.8,0,2,1.2,1.06,6.79
24,1,85,46,0,53.0,0,1,1.6,0.81,1.36
5,4,78,35,0,1074.0,1,1,1.4,1.42,3.37
54,1,76,40,0,932.2,0,0,1.1,1.29,3.64
13,4,16,19,0,846.7,1,0,1.7,1.58,2.88
18,6,63,36,0,1187.3,0,0,1.7,0.9,4.72
24,5,28,32,0,1489.0,0,0,1.1,1.4,6.11
45,2,7,14,38,108.5,0,0,5.4,1.0,6.77
41,2,33,20,8,937.2,0,2,4.2,1.31,9.52
42,5,10,46,32,1086.5,0,0,5.0,0.96,8.99
13,5,10,32,3,486.7,0,0,6.7,1.71,9.5
46,2,72,40,0,1343.6,0,0,1.4,0.98,4.29
45,1,50,16,0,707.2,1,0,1.1,1.38,2.71
26,3,39,18,0,280.1,0,0,1.8,0.81,1.93
30,4,19,47,11,1287.4,1,1,5.6,0.96,9.14
3,3,77,26,0,1416.7,1,4,1.6,1.3,6.34
42,6,63,45,0,185.3,0,0,1.4,0.84,1.23
52,5,58,42,0,1137.5,1,0,1.9,1.34,3.32
26,5,19,23,7,353.9,1,1,6.6,0.98,8.66
30,1,12,47,18,49.8,1,0,6.7,1.53,8.75
27,6,12,41,15,420.5,1,1,4.3,1.67,7.41
5,5,2,15,3,1288.2,0,1,4.0,1.56,9.77
34,3,96,13,0,246.1,1,2,1.3,0.86,2.41
39,4,36,15,3,230.8,0,0,6.0,1.3,7.54
51,5,65,39,0,1119.0,0,3,1.5,0.91,4.98
51,6,98,15,0,633.3,1,3,1.8,1.21,3.76
27,4,93,21,0,256.8,0,0,1.1,1.64,2.31
52,1,32,27,20,375.8,0,0,4.0,0.84,6.1
29,4,48,15,0,1200.1,0,0,1.9,1.05,4.42
35,5,46,23,0,950.0,0,0,1.4,1.63,4.18
33,1,3,37,30,1151.0,1,3,5.0,1.21,8.8
54,5,76,48,0,182.7,0,0,1.8,1.04,1.75
40,2,57,28,0,708.8,0,0,1.7,1.75,3.85
7,6,37,39,0,1203.8,0,0,1.5,0.96,4.68
4,4,55,31,0,428.1,1,1,2.0,1.59,2.88
23,2,73,28,0,287.0,1,2,1.0,0.98,2.97
28,1,1,30,27,597.4,0,1,3.5,1.76,7.32
37,1,64,48,0,526.7,1,1,1.4,1.59,3.03
27,5,86,12,0,310.8,0,0,1.2,1.08,2.05
28,3,72,30,0,1432.8,1,1,1.2,1.78,5.02
50,6,61,12,0,745.3,0,0,1.2,0.91,3.19
19,2,9,45,10,927.8,0,0,6.8,1.66,11.28
27,6,74,34,0,216.8,0,1,1.4,1.5,2.76
31,6,75,11,0,930.7,0,3,1.8,0.97,5.21
26,1,49,34,0,850.8,0,1,1.3,1.35,4.65
53,4,58,27,0,1400.6,0,1,1.6,0.81,4.78
52,6,61,11,0,642.0,0,0,1.2,1.37,2.98
28,2,12,49,16,1181.8,0,0,6.0,1.38,11.31
25,1,25,25,0,484.1,0,0,1.7,1.21,2.36
32,6,79,10,0,885.3,0,1,1.1,1.62,4.67
10,3,97,34,0,1393.4,1,1,1.7,1.73,5.15
24,1,27,25,0,952.6,0,1,1.7,1.33,4.56
12,6,40,36,0,1078.3,0,0,1.7,1.47,4.26
8,5,91,16,0,1318.9,1,0,1.6,0.95,3.63
6,1,16,43,0,1391.1,0,0,1.9,1.8,5.67
32,2,26,26,6,344.1,0,1,5.1,1.66,8.22
1,1,5,26,0,325.9,0,3,1.9,1.75,3.64
35,6,23,42,12,843.7,1,0,5.3,1.58,8.28
24,1,63,31,0,1493.5,0,1,1.5,1.12,6.18
20,5,34,10,0,755.6,0,1,1.9,1.02,3.58
42,4,98,33,0,523.1,0,0,1.3,1.31,2.36
30,4,89,35,0,824.4,1,0,1.8,0.88,2.13
40,5,89,22,0,134.0,0,0,1.6,1.35,1.52
39,6,72,17,0,298.7,1,3,1.9,1.17,3.24
2,1,70,12,0,257.4,0,0,1.0,1.53,2.08
12,1,50,43,0,80.8,0,0,1.6,1.43,2.24
31,1,99,10,0,1094.4,0,0,1.2,1.05,4.28
53,5,9,33,44,515.2,1,1,5.9,1.53,8.25
9,4,72,43,0,286.1,0,0,1.7,1.11,1.95
6,1,14,24,0,787.9,0,3,1.7,1.05,4.94
51,2,33,18,18,512.2,1,0,6.6,1.22,9.12
53,4,25,38,28,613.8,0,3,3.6,0.96,7.91
10,5,60,35,0,500.7,0,1,1.8,1.13,3.05
22,3,78,10,0,45.8,0,0,1.5,1.06,1.84
34,6,7,33,27,1045.0,0,1,4.6,0.82,8.58
11,6,60,10,0,201.6,0,1,1.8,1.1,2.51
18,5,22,25,0,359.9,0,0,1.7,1.27,2.32
22,3,7,22,15,317.9,0,1,6.9,1.63,9.81
35,6,41,43,0,523.8,1,1,1.4,0.98,2.2
17,5,58,49,0,273.9,0,1,1.2,1.13,2.94
23,4,20,37,3,546.6,0,1,6.4,0.83,9.5
16,3,38,39,0,395.2,0,1,1.2,0.88,2.77
42,5,95,10,0,129.4,0,0,1.6,1.16,1.84
9,4,34,12,0,1311.0,0,0,1.7,1.3,5.17
13,2,99,41,0,486.1,0,0,2.0,1.55,2.57
14,6,83,27,0,179.1,1,1,1.4,1.56,1.87
49,1,37,30,12,801.4,0,0,5.7,1.71,10.24
52,5,57,37,0,220.0,0,0,1.7,1.71,2.41
28,4,70,23,0,1168.7,0,1,1.0,0.9,4.82
9,4,46,37,0,129.9,0,0,1.4,0.91,1.91
41,1,40,39,1,718.4,0,0,4.9,1.3,7.88
27,3,32,19,0,1418.0,1,2,1.1,1.39,4.04
46,6,13,37,33,272.1,1,1,5.7,1.4,7.48
20,2,2,16,18,334.0,0,1,4.4,1.29,7.01
54,5,33,22,21,916.7,0,0,4.0,1.78,8.44
44,6,79,41,0,1470.6,0,1,1.4,1.31,6.55
13,6,23,49,0,603.3,0,3,1.2,1.74,5.41
40,4,17,12,23,987.0,0,0,6.2,1.79,9.91
16,2,32,35,0,262.4,1,0,1.9,1.24,2.67
19,5,59,32,0,976.4,0,0,1.9,0.93,3.58
14,3,21,34,0,408.9,0,2,1.9,1.13,3.83
37,4,22,41,15,935.4,0,0,6.0,1.16,10.02
15,5,11,12,4,169.4,0,0,4.9,1.69,7.08
35,5,33,39,2,806.5,1,0,5.0,1.76,8.06
32,2,21,21,11,386.6,1,3,3.9,0.97,6.79
41,5,83,16,0,1035.3,1,0,1.9,0.82,2.14
54,4,90,27,0,1131.6,1,0,1.1,1.63,3.51
1,6,37,11,0,1278.3,0,3,1.6,1.36,6.18
54,4,8,35,46,1488.9,1,0,5.5,1.55,10.18
6,6,8,32,0,710.7,1,1,1.9,1.13,2.93
29,6,32,30,0,1019.1,0,0,1.3,0.96,4.6
19,6,46,11,0,66.9,0,0,1.9,1.06,1.1
35,5,52,40,0,1361.4,0,0,1.9,0.85,4.53
39,4,30,11,9,939.0,1,0,3.8,1.19,6.81
47,1,35,20,12,655.2,0,0,5.1,0.9,7.78
22,3,28,25,0,674.1,1,1,1.3,1.26,3.31
51,3,51,38,0,1146.7,1,0,1.4,1.6,4.07
18,5,69,26,0,1256.9,1,0,1.3,0.85,3.39
12,4,4,42,8,1219.5,0,1,4.4,1.7,10.61
21,3,47,47,0,785.5,0,3,1.3,0.92,5.1
29,1,64,40,0,581.9,0,0,1.7,1.46,2.93
37,5,67,11,0,1420.5,0,0,1.8,1.04,5.5
45,3,56,40,0,965.9,0,0,1.4,1.64,4.64
13,1,52,18,0,833.7,1,2,1.0,0.81,3.12
17,2,68,45,0,913.5,0,2,1.1,1.22,4.76
51,6,37,49,14,959.6,0,0,3.8,1.76,8.27
24,1,56,13,0,1081.1,1,0,2.0,0.91,3.15
14,3,31,13,0,847.6,0,0,1.4,1.56,4.02
54,4,43,37,11,1318.0,1,1,3.6,1.53,7.94
25,1,12,15,13,1295.2,0,0,6.8,1.12,11.56
54,1,35,48,19,685.7,0,0,5.0,0.86,7.7
50,6,14,31,36,286.1,0,0,6.4,1.63,8.44
49,4,22,32,27,881.9,0,1,4.3,1.7,9.35
32,2,41,44,0,946.3,0,3,1.6,0.93,4.93
44,2,50,18,0,804.1,1,0,1.1,1.65,3.05
52,3,94,32,0,1340.2,1,2,1.8,1.63,4.88
15,5,2,49,13,175.8,0,0,5.3,1.38,7.45
3,5,89,10,0,459.6,0,1,1.8,1.58,3.32
18,2,32,16,0,1304.1,0,2,1.8,0.84,5.31
35,5,72,15,0,1411.5,0,1,1.8,1.3,6.23
30,6,67,23,0,661.9,0,0,1.6,1.77,3.37
5,2,97,15,0,321.3,0,0,1.2,1.58,2.55
31,1,10,16,21,653.7,0,2,5.6,1.07,10.08
10,6,96,44,0,706.0,0,1,1.1,1.42,3.73
28,4,6,28,22,798.6,0,0,5.6,1.01,8.86
32,5,87,24,0,440.6,1,1,1.4,1.02,2.17
35,2,65,26,0,496.4,0,0,1.7,0.99,2.45
23,2,48,48,0,997.2,0,0,1.8,0.99,3.82
23,2,39,29,0,947.8,0,2,1.8,1.3,5.43
37,2,9,28,28,1006.7,0,0,3.8,1.11,7.57
41,3,80,47,0,590.8,1,0,1.6,1.58,3.04
44,1,72,11,0,531.2,0,0,1.2,1.69,3.77
19,6,93,29,0,553.2,1,3,1.1,1.29,3.98
23,4,73,39,0,1428.7,0,0,1.5,0.99,4.8
18,6,95,30,0,617.1,0,0,2.0,1.8,3.55
29,4,88,44,0,925.0,0,0,2.0,0.85,3.45
7,2,42,45,0,803.4,0,0,1.6,1.35,4.27
24,4,70,23,0,1319.3,0,0,1.8,1.02,4.75
11,1,26,42,0,578.9,0,0,1.2,1.74,3.88
29,5,79,19,0,673.9,0,0,1.2,1.12,3.08
46,5,60,19,0,1270.5,0,1,1.7,1.76,5.96
54,1,44,49,10,275.0,0,0,3.5,1.77,5.93
25,4,62,10,0,907.7,0,0,1.7,1.74,4.24
4,4,27,24,0,623.9,0,1,1.1,1.59,4.23
13,2,62,35,0,1479.3,1,0,1.4,1.54,3.82
6,1,47,26,0,1093.2,0,0,1.0,1.75,5.21
42,5,32,43,10,55.4,0,4,5.1,1.02,8.98
54,2,97,20,0,1265.6,0,1,1.3,1.61,5.57
30,4,6,32,24,1066.6,0,1,4.3,0.91,9.23
10,2,75,15,0,859.0,0,0,1.6,1.16,3.98
2,4,21,18,0,384.7,0,3,1.0,1.2,4.25
53,1,22,16,31,258.0,1,0,4.8,1.8,6.82
18,3,15,39,3,957.5,1,0,3.6,1.12,6.32
7,4,10,18,0,682.3,0,2,1.3,1.35,4.36
10,3,12,36,0,1298.0,1,0,1.6,1.43,4.39
14,4,83,23,0,423.1,0,1,2.0,1.48,3.24
36,2,92,32,0,970.8,1,0,1.1,0.92,2.52
49,3,58,44,0,403.3,0,0,1.3,1.36,2.11
15,5,1,44,14,969.0,1,1,4.1,1.43,7.4
38,3,86,10,0,110.6,0,0,1.6,1.7,1.78
4,1,60,41,0,611.9,0,1,2.0,1.76,4.18
1,6,52,48,0,292.1,1,0,1.0,1.04,1.04
3,5,94,36,0,924.7,0,0,1.9,1.01,3.42
50,5,40,17,10,502.4,0,1,4.7,1.48,7.51
32,5,36,36,0,1166.4,0,0,1.2,1.29,5.11
44,5,77,35,0,207.3,0,1,1.5,1.54,2.72
2,5,52,36,0,852.1,0,0,1.4,1.65,4.19
2,4,71,27,0,906.8,0,0,1.2,0.81,3.02
46,1,69,31,0,72.3,0,0,1.2,1.68,2.29
6,4,83,36,0,92.5,1,1,1.3,1.07,2.3
9,2,31,28,0,490.0,0,0,1.6,1.77,3.19
29,5,7,40,22,929.3,1,0,4.5,1.23,7.16
33,3,47,38,0,1445.4,0,3,1.1,1.65,7.62
13,6,64,22,0,172.5,1,0,1.3,1.0,1.55
25,4,81,34,0,1066.6,1,1,1.7,1.33,4.01
37,4,26,40,11,1051.4,1,0,3.7,0.86,6.59
24,6,74,29,0,1017.4,0,0,1.0,1.53,4.77
21,3,83,38,0,793.6,0,0,2.0,1.74,3.77
4,3,80,15,0,1451.6,1,0,1.7,1.64,4.45
25,3,80,25,0,772.6,1,1,1.9,1.48,3.2
44,6,98,38,0,1263.9,0,0,1.5,0.92,3.65
34,5,66,45,0,423.3,0,0,1.5,1.78,2.83
49,1,37,35,12,1217.2,1,1,6.9,1.14,10.48
7,3,43,36,0,1495.0,0,1,1.6,1.43,6.34
1,3,74,23,0,1368.7,0,0,1.9,1.07,5.27
30,4,23,38,7,483.9,1,0,6.9,1.63,9.43
10,1,60,24,0,1275.4,0,0,1.5,1.18,5.53
33,5,57,12,0,179.1,0,2,1.6,1.19,2.62
49,5,66,19,0,1029.5,0,1,1.5,0.8,3.6
19,2,42,34,0,539.5,0,1,1.7,1.38,3.57
30,1,73,48,0,1001.7,0,0,1.7,1.05,3.72
37,4,7,29,30,641.9,0,0,5.2,1.72,8.37
9,2,74,44,0,53.2,0,0,1.1,1.58,1.63
49,6,81,41,0,377.7,1,0,2.0,1.75,2.12
11,5,88,32,0,101.9,1,0,1.3,1.19,1.13
44,6,92,42,0,663.8,1,0,1.2,1.46,3.13
36,4,34,26,2,1266.5,0,0,3.9,1.25,8.81
8,6,4,27,4,1117.5,0,0,6.6,1.71,11.41
40,1,65,39,0,1191.8,1,0,1.5,1.12,3.72
11,2,9,35,2,1218.5,0,0,5.9,1.13,10.41
33,1,28,31,5,583.0,0,1,3.9,1.17,6.86
52,5,70,27,0,778.8,0,1,1.0,1.3,3.61
52,4,59,49,0,782.3,0,0,1.2,1.69,3.9
48,2,60,12,0,205.3,0,1,2.0,1.01,1.57
27,2,75,12,0,913.3,0,0,1.5,1.45,3.65
31,4,16,29,15,1091.5,0,0,3.7,1.11,7.8
17,2,79,11,0,932.0,0,2,1.6,0.88,5.04
50,4,58,23,0,1129.1,0,0,1.6,1.75,5.43
26,4,42,32,0,213.6,0,1,1.5,1.59,2.98
42,2,46,26,0,1151.7,1,0,1.3,1.75,3.72
20,2,50,18,0,343.9,1,0,1.7,1.2,1.59
40,3,55,21,0,1320.2,1,0,1.1,1.56,3.96
13,4,33,34,0,397.6,0,0,1.2,1.45,3.21
40,2,22,48,18,758.3,0,0,3.6,1.42,7.24
3,3,16,41,0,751.4,0,0,1.4,0.84,2.83
6,4,34,31,0,432.5,0,0,1.1,0.87,2.05
20,2,26,15,0,568.1,1,0,1.2,1.0,1.88
27,4,51,19,0,311.0,1,0,1.7,1.55,2.28
39,1,91,27,0,872.3,0,0,1.1,1.6,3.82
20,1,10,19,10,1373.0,0,0,4.9,1.45,10.42
1,2,30,37,0,502.2,1,0,1.3,0.99,2.05
18,2,4,24,14,781.8,0,1,5.9,1.58,10.38
24,1,97,43,0,1298.3,1,4,1.5,0.91,4.96
30,6,70,20,0,700.6,1,0,1.1,1.69,2.84
35,2,24,29,11,1253.6,0,0,5.3,1.18,9.88
14,5,41,38,0,691.7,1,2,1.0,1.53,3.79
33,6,72,18,0,682.8,1,1,2.0,0.97,2.46
35,5,95,40,0,269.6,1,4,1.6,1.11,4.21
42,5,57,33,0,222.5,0,1,1.1,1.3,2.55
29,1,27,35,2,932.8,0,1,6.9,1.3,10.85
44,3,69,28,0,1247.9,0,0,1.7,0.9,4.0
12,5,68,47,0,237.7,0,0,1.7,1.35,2.45
39,4,64,40,0,1368.7,0,1,1.4,0.88,5.28
3,1,4,17,0,564.0,0,0,1.1,1.72,3.19
6,4,70,32,0,660.9,0,1,1.5,1.22,4.05
47,5,1,46,46,1345.9,1,4,6.5,1.24,12.19
26,5,90,21,0,1348.6,0,0,1.1,1.38,4.81
34,3,88,31,0,806.3,0,0,1.3,1.58,3.49
33,2,56,40,0,444.1,0,2,1.8,0.87,3.46
38,2,64,20,0,291.0,0,2,1.4,1.5,4.14
14,2,6,30,8,436.5,0,2,5.1,1.71,9.45
10,3,87,32,0,1179.7,0,1,1.1,1.24,5.03
3,2,27,17,0,513.9,0,4,1.6,0.81,4.4
47,3,26,17,21,1054.1,0,0,4.8,1.05,8.88
13,1,70,32,0,325.0,0,0,1.7,1.74,1.96
32,2,93,17,0,738.6,0,0,1.6,0.92,3.04
25,2,49,47,0,554.1,0,0,1.5,0.81,2.6
9,1,50,30,0,775.3,0,2,1.5,1.74,5.68
23,6,54,38,0,872.1,1,0,2.0,1.66,3.54
5,5,29,25,0,1486.8,0,1,1.9,1.26,6.73
10,6,59,21,0,1353.8,0,0,1.4,0.81,5.27
8,4,96,29,0,1056.0,0,1,1.7,1.38,5.44
45,1,38,38,7,264.5,1,0,4.8,1.62,6.88
31,6,77,25,0,1381.8,0,0,1.0,1.09,5.16
50,3,77,21,0,1343.2,0,0,1.3,0.97,4.22
24,5,85,15,0,1334.6,1,0,1.8,1.7,4.03
11,3,72,31,0,739.4,0,0,1.9,1.57,3.88
33,3,92,37,0,289.2,1,1,1.7,1.25,2.2
51,3,71,31,0,1141.4,0,0,1.7,1.71,4.43
29,2,97,20,0,607.2,1,3,1.0,1.41,4.65
1,4,71,19,0,543.1,1,2,1.9,1.74,3.91
17,5,83,25,0,610.5,1,0,1.1,0.9,2.55
50,1,89,23,0,856.2,0,0,1.9,1.24,3.95
28,1,98,18,0,526.9,1,0,1.1,1.48,2.86
52,6,59,47,0,1047.3,0,0,1.0,1.21,4.61
28,4,71,23,0,985.7,0,0,1.6,1.15,3.73
1,6,96,20,0,782.9,1,2,1.1,1.5,3.76
48,4,38,34,10,118.8,0,3,5.9,1.41,9.15
42,4,11,42,31,1407.4,1,0,6.3,1.08,9.45
39,6,88,28,0,641.1,0,1,1.7,1.24,4.24
53,4,63,36,0,696.2,0,2,1.3,1.51,4.61
11,2,42,13,0,705.8,0,0,1.5,1.43,3.61
49,4,71,31,0,572.9,0,2,1.6,1.25,3.52
13,2,3,12,10,1024.9,0,4,3.8,1.06,10.27
53,3,47,15,6,60.3,0,3,3.7,0.91,6.29
11,5,26,33,0,1315.3,1,1,1.6,1.64,4.89
30,1,28,18,2,189.6,1,0,3.9,1.62,5.61
43,5,96,11,0,1499.6,1,0,1.4,1.41,4.45
5,4,55,17,0,957.0,0,4,1.7,1.37,6.63
4,2,14,40,0,136.7,0,0,1.5,0.94,1.17
46,1,36,33,10,861.2,0,0,4.7,1.25,8.91
4,5,24,25,0,523.7,0,0,1.8,1.28,3.18
34,5,90,48,0,1431.4,0,0,1.5,1.26,5.52
51,5,29,25,22,1143.0,1,0,3.7,1.04,6.35
34,3,35,45,0,780.2,0,2,1.9,0.92,4.53
26,4,33,23,0,667.5,1,0,1.6,1.73,2.9
23,3,17,11,6,1494.0,0,0,4.1,1.36,9.75
35,3,78,14,0,1014.4,0,0,1.5,1.66,4.58
31,2,57,20,0,790.3,0,1,1.2,1.47,4.27
28,2,43,17,0,621.0,1,1,1.5,1.62,2.93
9,6,39,16,0,513.9,0,2,1.5,1.02,3.06
36,4,66,25,0,1069.9,1,2,1.4,0.91,3.24
40,2,9,49,31,898.3,0,0,3.8,1.41,7.88
39,6,93,18,0,1278.3,1,2,1.8,1.35,3.79
5,1,56,19,0,848.2,0,0,1.5,0.9,3.58
38,4,22,49,16,890.2,0,1,5.9,1.41,10.58
40,1,53,18,0,736.9,1,1,1.0,0.98,2.69
10,3,85,43,0,1153.4,1,0,1.5,0.91,3.25
46,4,17,34,29,645.9,0,0,5.4,1.79,8.94
29,6,52,47,0,1283.8,0,1,1.7,1.36,5.72
26,6,59,32,0,517.5,1,0,1.6,1.13,1.33
40,6,81,33,0,1051.2,0,1,1.5,0.9,3.67
28,2,56,19,0,1343.7,1,0,2.0,1.72,3.94
30,1,73,32,0,1162.8,0,1,1.3,1.74,5.76
17,6,77,36,0,540.2,0,2,1.4,1.06,4.04
51,6,89,49,0,1071.3,0,0,1.7,1.24,4.24
53,2,36,13,17,342.2,0,0,4.9,1.45,7.41
8,1,70,16,0,124.9,0,1,1.7,0.91,2.09
40,4,24,10,16,1195.4,1,0,4.1,1.34,7.44
2,1,84,41,0,1219.7,0,0,1.7,1.02,4.71
20,1,95,13,0,73.5,0,1,1.2,1.03,1.39
53,6,29,46,24,1423.8,0,0,6.3,1.4,11.19
10,3,56,24,0,691.0,1,1,1.9,1.11,2.66
21,1,82,21,0,1361.7,1,0,1.0,1.35,3.96
12,4,2,49,10,1190.7,0,0,5.0,1.06,9.21
40,3,70,38,0,1355.0,1,0,1.9,1.29,3.84
26,4,82,31,0,1256.7,0,3,1.8,1.73,6.61
33,6,87,45,0,1462.0,0,0,1.1,1.28,5.25
51,2,19,40,32,958.5,1,0,3.6,1.3,6.63
29,4,75,35,0,371.8,0,0,1.4,1.29,2.12
40,5,78,22,0,608.8,0,1,1.9,1.66,3.78
6,3,0,49,6,1137.7,0,1,3.5,1.48,7.87
12,6,70,38,0,269.2,0,0,1.5,0.83,1.89
52,3,62,47,0,1397.6,0,0,1.0,0.92,4.87
47,3,96,48,0,339.7,0,0,1.2,1.38,2.02
36,6,4,31,32,1318.9,1,1,5.9,1.56,10.91
21,4,96,24,0,746.2,0,2,1.7,0.92,3.88
11,6,57,47,0,1267.3,0,1,1.5,1.3,5.29
46,5,27,49,19,1439.1,1,1,6.6,1.44,10.72
43,5,38,14,5,656.3,1,0,4.3,1.2,7.01
14,2,76,35,0,1057.0,0,1,1.3,1.49,5.56
32,3,99,34,0,371.0,0,1,1.6,1.14,3.22
34,6,31,39,3,1209.1,0,0,4.6,1.42,9.94
26,4,98,49,0,1237.1,0,3,1.5,1.57,6.55
51,2,62,20,0,471.1,0,0,1.4,1.76,3.69
7,2,19,49,0,75.2,0,1,1.1,1.44,2.14
14,5,59,35,0,669.6,0,1,1.7,1.15,3.07
6,2,80,13,0,288.2,0,2,1.9,1.52,3.29
38,1,5,30,33,1235.1,0,0,5.9,1.6,11.14
35,5,7,15,28,421.2,0,2,6.5,1.21,9.79
54,2,0,48,54,1417.8,1,0,3.6,1.16,7.24
30,5,57,40,0,1458.8,0,0,1.8,0.95,5.31
9,4,5,46,4,1366.9,1,2,4.3,1.48,9.37
25,6,93,34,0,915.4,0,0,1.0,1.24,4.08
5,4,12,25,0,430.4,0,1,1.4,0.93,2.65
37,6,7,27,30,1218.6,0,0,5.3,1.36,9.89
37,6,25,47,12,1064.3,0,3,5.3,1.79,11.27
47,2,76,16,0,1466.7,1,1,1.7,0.85,3.88
19,6,90,45,0,590.8,0,0,1.3,1.32,2.82
17,5,25,26,0,125.8,0,2,1.8,1.74,3.16
4,1,51,33,0,1497.6,0,0,1.2,1.76,5.31
23,1,77,36,0,1263.9,0,1,1.2,1.14,4.77
26,2,79,13,0,363.4,0,1,1.5,0.97,2.74
41,1,15,15,26,1099.4,0,1,5.2,1.22,9.54
41,3,83,16,0,41.0,0,1,1.4,1.12,1.72
8,6,86,41,0,854.4,0,2,1.6,1.28,4.53
16,3,73,13,0,569.7,1,1,1.7,1.4,2.61
28,1,52,34,0,596.7,0,3,1.2,1.57,4.95
19,3,39,14,0,397.0,1,0,1.3,1.43,2.12
2,2,88,40,0,441.3,0,0,1.7,1.69,3.14
46,6,86,49,0,703.8,0,1,1.9,1.54,3.72
40,1,51,26,0,402.3,0,0,1.9,1.32,2.16
29,5,74,18,0,721.0,0,0,1.1,0.92,3.37
18,3,39,27,0,882.9,0,1,1.6,1.6,4.59
46,1,74,37,0,1078.2,1,0,1.8,1.51,3.49
2,5,8,39,0,1028.6,1,0,1.2,1.14,2.73
25,3,90,35,0,393.3,0,0,1.6,1.03,2.31
44,5,51,33,0,97.2,0,0,1.4,1.46,1.0
52,4,59,35,0,1255.7,1,0,1.7,0.88,3.44
14,5,18,18,0,1313.6,1,0,1.0,1.59,3.68
36,3,52,18,0,1469.2,0,2,1.3,1.03,5.89
11,1,0,47,11,1441.2,0,0,5.6,1.39,10.74
7,1,89,33,0,965.4,0,2,1.4,1.1,4.87
20,3,74,44,0,1345.6,0,3,1.1,1.28,6.74
48,3,45,35,3,694.1,0,0,3.9,1.6,7.53
38,5,83,28,0,1189.5,0,3,1.5,1.09,5.72
27,3,81,32,0,1434.8,0,0,1.0,0.83,5.23
16,6,11,37,5,1202.6,0,1,5.5,0.88,10.18
8,2,5,17,3,647.0,0,4,4.9,0.87,9.62
15,3,25,28,0,591.5,0,2,2.0,1.26,3.97
9,5,0,38,9,465.7,0,0,6.7,0.88,9.14
11,1,57,13,0,575.9,0,0,1.6,1.21,2.84
38,2,52,12,0,1238.0,0,0,1.4,1.5,4.85
8,5,53,16,0,1064.2,1,3,1.3,1.68,5.04
3,4,7,33,0,404.8,0,0,1.9,1.02,2.6
30,5,91,19,0,1078.8,0,0,1.7,1.68,5.13
16,4,97,27,0,593.9,0,0,1.6,1.78,3.6
25,6,59,15,0,854.3,1,0,1.1,1.43,2.95
8,6,0,20,8,580.7,0,0,5.0,1.54,9.01
12,6,39,10,0,801.6,0,0,1.3,1.28,3.73
24,1,71,42,0,1105.5,0,1,1.4,0.87,4.64
38,4,74,28,0,1107.5,0,0,1.9,1.76,4.85
23,1,24,17,0,1139.6,1,0,1.4,1.75,3.83
30,2,82,31,0,610.9,0,0,1.3,1.12,1.8
29,2,96,47,0,1048.1,1,0,1.1,1.0,3.16
15,4,50,42,0,388.5,1,1,1.4,0.87,1.64
16,3,38,45,0,737.0,1,0,1.1,1.3,2.31
23,6,52,26,0,891.3,1,0,1.4,1.72,2.76
2,2,2,24,0,1042.3,0,0,2.0,0.84,3.56
38,4,52,22,0,1371.5,0,0,1.6,1.41,5.21
34,5,2,22,32,485.0,0,2,4.1,1.64,8.54
17,6,3,46,14,1274.1,0,2,3.9,1.18,10.27
21,2,55,15,0,494.2,1,0,1.6,1.41,2.94
18,5,51,44,0,845.8,0,0,1.0,1.24,3.69
36,1,98,46,0,1249.0,0,0,1.9,0.87,4.36
42,4,50,43,0,1095.8,1,1,1.6,1.3,4.0
6,3,97,35,0,1299.8,0,0,1.5,0.89,4.3
23,6,80,44,0,1229.7,0,3,1.7,1.48,6.31
1,5,33,11,0,443.5,1,0,1.2,1.11,1.74
25,6,92,42,0,1489.7,0,3,1.0,1.6,7.49
14,6,48,30,0,1408.0,0,0,1.6,1.39,4.69
19,3,59,48,0,668.1,0,0,1.2,1.74,4.02
25,5,10,13,15,108.9,0,0,5.8,1.54,7.74
18,1,21,47,0,483.1,0,0,1.9,1.52,3.18
22,4,52,32,0,1260.8,0,4,1.8,1.1,6.35
42,1,27,14,15,1428.3,0,0,3.6,1.24,8.69
44,5,59,30,0,1254.2,0,0,1.9,1.55,4.88
1,6,7,11,0,619.2,0,4,1.1,1.52,5.42
21,5,25,13,0,122.5,0,0,1.8,1.49,1.83
46,6,66,31,0,795.7,0,0,1.4,0.81,3.39
29,2,61,42,0,589.5,0,0,1.5,0.82,2.54
12,6,98,14,0,219.5,0,0,1.7,0.87,1.24
33,4,89,20,0,194.5,0,2,1.1,0.83,3.25
8,5,81,25,0,263.4,0,0,1.9,1.57,2.23
2,5,0,31,2,340.5,1,1,4.1,1.35,6.27
35,4,60,10,0,1140.5,0,0,1.9,1.3,3.9
28,2,22,35,6,597.3,1,0,4.1,0.89,6.05
41,4,26,29,15,677.9,0,1,5.0,1.57,9.3
19,4,20,48,0,913.6,0,1,1.1,0.89,3.65
47,6,45,22,2,1441.8,0,1,4.3,1.02,10.21
23,3,12,29,11,1144.4,1,0,6.3,1.62,9.91
40,4,53,13,0,982.7,1,0,1.6,1.49,2.55
6,4,16,46,0,1126.0,0,1,1.8,0.89,4.88
6,1,50,43,0,1090.2,0,1,1.5,0.87,4.44
43,1,62,24,0,1047.8,1,0,1.5,1.21,2.61
46,1,17,28,29,764.8,1,0,6.6,1.4,9.65
51,4,10,44,41,867.6,1,1,3.7,1.05,7.12
18,3,80,21,0,713.8,0,0,1.9,1.39,3.03
2,6,73,19,0,616.6,0,1,1.4,1.16,3.57
53,5,26,19,27,435.3,0,1,3.6,1.39,6.85
33,1,88,38,0,558.6,1,0,1.3,1.53,2.46
14,1,22,18,0,665.7,0,0,1.2,1.64,3.36
42,3,92,13,0,885.9,0,0,1.6,1.0,3.48
49,6,11,16,38,769.8,0,1,5.7,0.89,9.67
16,1,66,49,0,197.6,0,2,1.8,0.92,2.73
42,2,1,44,41,536.4,1,0,3.6,0.97,4.81
43,1,19,48,24,589.2,0,0,6.6,1.12,8.65
28,3,40,21,0,1072.1,1,0,1.1,0.83,2.02
35,6,8,27,27,526.0,0,1,6.4,1.63,9.61
15,5,45,29,0,51.6,0,0,1.8,1.65,1.53
51,3,23,30,28,163.1,0,1,3.7,1.51,6.07
54,1,9,11,45,765.6,0,0,5.4,1.16,8.72
53,3,96,33,0,315.2,0,0,1.2,1.51,2.4
40,4,98,11,0,762.1,1,0,1.7,1.37,2.66
3,2,96,21,0,878.3,0,2,1.7,1.46,5.47
20,5,15,21,5,1402.8,0,1,4.1,0.89,8.96
25,6,38,36,0,997.1,1,0,1.4,1.67,3.5
52,2,32,45,20,85.3,0,0,6.1,1.15,7.61
30,2,32,37,0,595.9,0,2,1.1,1.07,3.43
29,1,41,27,0,1198.4,0,2,1.3,1.19,5.9
8,5,51,31,0,420.4,0,0,1.9,1.05,2.38
43,3,48,30,0,1390.5,0,1,1.0,1.79,6.3
19,2,29,15,0,812.4,0,2,1.3,1.45,4.02
5,2,97,48,0,175.0,0,0,1.2,1.7,2.54
54,1,97,46,0,392.8,0,0,1.1,1.75,2.95
11,3,33,19,0,1363.2,0,0,1.9,1.38,5.42
1,5,22,14,0,1487.5,0,0,1.1,1.6,4.66
5,2,53,16,0,1300.0,0,1,1.5,1.71,5.79
25,1,36,35,0,508.2,0,0,1.8,0.95,1.9
6,3,98,11,0,1162.5,0,0,1.0,1.07,4.84
46,5,42,14,4,364.5,0,0,4.9,1.2,6.75
28,3,3,35,25,601.4,1,1,3.5,1.42,7.02
18,2,12,15,6,1057.9,0,0,4.3,1.57,9.23
1,1,7,12,0,1454.6,0,0,1.2,1.15,5.38
26,5,38,10,0,681.2,0,0,1.6,1.64,3.98
9,6,31,38,0,763.9,0,2,1.2,1.45,4.4
53,5,85,24,0,361.4,0,0,1.6,1.17,1.93
16,4,89,21,0,628.7,0,0,1.9,1.48,3.6
26,5,14,35,12,132.0,0,1,6.6,1.65,8.85
2,3,94,16,0,1293.5,0,0,1.2,1.14,4.37
8,1,58,30,0,74.1,0,1,1.0,1.19,1.84
12,3,30,29,0,1037.9,0,0,1.0,1.49,4.15
3,5,40,36,0,438.9,0,2,1.4,1.23,4.24
40,4,44,34,0,735.1,0,0,1.5,0.98,3.35
52,6,17,37,35,451.1,0,0,6.8,1.65,9.54
54,6,86,18,0,624.1,1,0,1.3,1.0,1.72
15,2,1,15,14,838.3,0,3,4.2,1.05,9.41
43,1,6,31,37,975.7,0,2,4.9,1.67,10.87
28,2,27,12,1,1412.8,1,0,4.7,1.44,8.66
3,6,14,28,0,525.0,0,0,1.7,1.23,2.4
5,5,6,35,0,893.9,0,0,1.6,1.18,3.23
30,1,38,42,0,1356.5,0,0,1.4,0.98,4.72
23,1,37,36,0,463.7,0,0,1.6,0.87,2.31
1,4,12,49,0,1303.0,0,2,1.0,1.71,6.37
51,4,81,32,0,1438.0,1,0,1.7,0.84,3.66
40,6,88,27,0,1277.3,1,2,1.4,0.86,4.33
28,5,71,19,0,872.0,0,0,1.5,1.55,4.12
54,2,52,36,2,1094.3,0,2,5.8,1.69,11.89
53,1,94,42,0,742.4,1,0,1.6,1.51,2.3
53,4,35,22,18,912.0,1,0,4.7,1.04,7.13
14,4,42,13,0,1462.7,1,1,1.1,1.07,3.76
48,6,1,10,47,406.6,0,0,4.6,1.76,7.66
28,4,70,35,0,1197.1,0,2,1.1,1.5,5.66
40,4,9,36,31,779.1,1,1,6.9,1.63,10.44
47,2,66,14,0,298.2,1,4,1.2,1.25,3.9
9,1,78,10,0,979.6,0,2,1.6,1.58,5.69
25,6,21,36,4,1196.9,1,0,4.6,1.78,8.01
7,5,61,25,0,870.4,0,0,1.8,1.16,3.8
16,1,30,26,0,1262.7,1,1,1.5,1.12,3.46
23,5,39,20,0,574.2,0,0,1.7,0.84,2.14
47,3,52,38,0,1374.1,1,0,1.9,1.54,3.85
47,3,24,39,23,986.5,0,0,4.8,1.04,9.08
22,6,79,12,0,1212.6,0,1,1.7,1.05,4.77
18,6,39,13,0,438.6,0,0,1.3,1.43,2.06
29,2,46,32,0,691.3,1,0,1.3,1.54,2.39
50,2,81,34,0,1368.0,0,3,2.0,1.21,6.63
53,5,22,15,31,114.3,0,2,4.6,1.74,8.42
13,6,45,16,0,629.8,1,0,1.9,0.96,2.18
11,1,99,37,0,1179.3,1,0,1.8,1.33,3.09
39,6,39,28,0,1126.0,0,1,1.9,1.42,5.14
17,3,11,14,6,1283.4,1,0,6.8,1.42,10.97
11,4,28,34,0,1119.5,0,1,1.6,1.46,5.12
2,1,95,12,0,1422.8,0,1,1.4,1.43,5.97
22,5,75,19,0,767.5,0,0,1.4,1.59,3.64
22,5,80,38,0,951.5,1,0,1.9,1.61,3.48
31,4,25,18,6,1277.7,0,0,6.0,1.78,11.25
11,5,83,12,0,1064.5,0,0,1.5,1.74,5.09
39,6,39,48,0,189.0,0,1,2.0,1.32,2.78
37,6,79,18,0,575.8,0,0,1.4,1.51,3.37
25,5,88,30,0,846.8,1,3,1.8,1.2,4.22
10,6,20,42,0,1141.9,0,1,1.3,1.45,4.77
28,5,93,49,0,833.6,1,0,1.0,0.81,2.16
37,5,63,42,0,1175.2,0,0,1.6,1.17,4.29
21,4,73,23,0,1262.9,1,0,1.5,1.71,3.6
15,5,75,44,0,427.1,1,0,1.8,1.48,2.13
28,1,16,10,12,939.5,0,1,5.2,0.82,9.42
20,4,74,23,0,853.4,0,0,1.1,1.32,3.54
22,3,21,17,1,371.9,1,0,6.7,1.17,8.03
19,6,27,31,0,755.2,0,0,1.5,1.61,3.43
17,1,11,45,6,840.9,0,0,4.2,0.91,8.1
39,4,18,40,21,1233.3,0,1,5.3,1.4,10.97
25,2,97,49,0,713.0,1,4,1.9,1.51,4.6
26,6,32,15,0,158.1,0,1,1.9,1.4,2.85
36,6,38,40,0,751.5,0,4,1.5,1.07,5.33
20,2,47,38,0,1263.4,0,1,1.2,1.59,6.55
6,6,71,28,0,874.0,0,0,2.0,1.59,4.18
47,3,57,13,0,505.5,0,2,1.9,1.16,3.9
4,6,53,14,0,1384.6,1,0,1.5,1.07,3.74
31,5,83,46,0,267.3,0,0,1.6,1.46,2.74
15,1,49,21,0,517.2,1,3,1.4,1.17,3.55
12,2,76,35,0,678.2,1,1,1.2,1.15,3.35
3,3,91,47,0,1117.4,0,3,1.7,1.25,5.87
49,2,67,29,0,1260.2,0,0,1.7,1.26,4.73
24,1,3,18,21,125.5,1,1,4.5,1.63,6.9
19,6,26,29,0,1196.4,0,0,1.8,1.75,5.49
41,6,61,19,0,1092.0,0,0,1.5,1.51,4.51
3,3,47,17,0,1346.2,1,2,1.9,0.89,4.88
31,2,28,42,3,1354.6,1,0,6.5,1.14,10.43
27,2,33,23,0,1175.2,0,1,2.0,0.99,4.91
30,6,7,37,23,317.7,0,2,5.2,1.46,8.33
7,2,23,39,0,498.3,0,2,1.2,1.4,4.27
52,1,78,31,0,1407.0,1,0,1.6,1.78,3.46
13,3,1,31,12,913.3,0,0,6.3,1.25,10.42
37,3,83,17,0,826.6,1,2,1.2,0.91,3.14
41,4,33,31,8,1376.9,0,1,7.0,1.4,13.32
19,3,80,40,0,1316.3,0,0,1.3,1.17,4.45
8,6,25,17,0,1102.1,0,0,1.8,0.98,3.9
17,4,82,19,0,1328.1,0,0,1.2,1.17,5.12
44,6,57,37,0,206.2,1,3,1.4,1.04,3.25
49,3,85,49,0,1146.0,0,0,1.4,1.0,4.06
51,4,6,25,45,1449.8,1,1,4.7,1.28,8.9
13,3,79,43,0,111.5,0,0,1.4,1.61,2.26
33,5,27,17,6,365.6,1,0,5.7,1.69,8.37
9,5,35,32,0,1199.2,1,1,1.3,1.06,3.54
39,2,4,47,35,799.3,0,2,6.0,1.25,10.42
23,6,95,27,0,166.5,1,0,1.6,1.64,1.45
39,6,64,30,0,431.2,0,0,1.5,1.79,3.11
37,6,98,16,0,513.1,0,1,1.4,1.65,3.95
54,2,56,31,0,508.8,1,0,1.2,1.29,2.22
27,5,15,33,12,1321.4,1,0,6.5,1.67,10.11
19,1,33,49,0,1006.6,0,1,1.2,1.51,5.56
29,1,43,18,0,1113.0,1,0,1.9,0.91,2.08
9,6,14,24,0,59.8,0,1,1.2,0.88,1.91
7,1,93,35,0,664.2,0,0,2.0,1.74,3.71
29,6,95,47,0,504.0,0,1,1.4,1.72,3.87
45,3,56,19,0,1283.8,0,2,1.5,1.26,5.75
29,2,58,37,0,1432.6,0,2,1.3,1.46,6.6
43,1,70,45,0,658.1,0,1,1.9,1.1,3.63
10,5,67,35,0,1460.7,0,1,1.3,1.5,6.19
25,5,6,27,19,61.0,0,0,4.7,1.25,5.5
34,3,53,19,0,515.6,0,0,1.0,1.15,3.22
19,5,77,21,0,1171.4,1,0,1.6,1.24,3.48
1,2,80,12,0,565.7,0,1,1.7,1.26,3.44
4,4,59,16,0,1384.6,1,0,1.5,1.74,4.15
51,2,89,27,0,359.0,1,0,1.6,1.68,2.88
33,4,58,15,0,1201.7,0,0,1.8,0.99,4.16
15,1,38,10,0,334.5,1,1,1.5,1.08,1.86
14,3,44,37,0,327.8,1,0,1.2,1.1,1.96
3,4,69,12,0,690.8,0,0,1.4,0.81,2.95
52,4,88,15,0,1419.6,0,1,1.7,1.33,5.58
6,3,22,33,0,894.8,0,3,1.3,1.28,5.87
42,4,29,46,13,967.1,0,1,4.9,0.92,9.24
13,4,65,38,0,54.2,0,0,1.1,1.79,1.63
19,2,76,11,0,122.7,1,2,1.9,1.56,3.04
15,2,39,16,0,137.7,1,0,1.6,0.98,1.34
45,4,64,39,0,1236.7,1,0,1.5,1.51,3.6
2,6,0,39,2,385.8,1,0,3.8,1.14,5.74
20,5,29,25,0,520.1,0,0,1.8,1.43,3.14
16,4,95,47,0,930.5,0,1,1.1,1.27,4.8
15,6,57,45,0,892.6,0,0,1.3,0.94,3.53
11,6,86,39,0,639.4,0,2,1.5,1.26,4.09
50,4,21,39,29,46.3,1,1,6.2,1.76,8.67
21,1,29,41,0,696.4,0,0,1.3,1.55,3.96
23,4,97,15,0,1118.8,0,0,1.4,1.43,4.85
21,4,99,38,0,383.4,0,1,1.1,1.64,3.17
53,2,87,47,0,1074.2,0,0,1.1,1.63,4.72
19,6,31,18,0,62.1,0,0,1.3,1.69,2.45
19,6,80,10,0,1365.7,0,0,1.1,0.91,5.07
18,2,45,24,0,1427.1,0,0,1.5,0.93,5.06
18,3,84,20,0,43.6,0,0,1.2,1.6,2.12
5,2,85,47,0,708.4,0,2,1.1,1.8,4.73
33,2,43,27,0,644.2,1,0,1.8,1.36,2.58
2,2,30,36,0,1269.1,0,0,1.6,1.76,6.04
13,3,97,49,0,829.5,0,1,1.9,1.46,4.61
11,2,45,41,0,932.6,0,2,2.0,0.89,5.22
16,1,43,39,0,335.7,0,1,1.6,1.73,3.21
41,3,66,48,0,152.5,0,0,1.8,1.64,1.91
33,4,93,37,0,1050.8,0,3,1.2,1.34,6.4
54,2,13,19,41,946.2,1,0,6.2,1.54,8.72
19,4,98,39,0,1255.2,1,0,1.5,1.15,3.36
51,2,42,22,9,1273.2,0,1,7.0,1.42,12.97
3,5,2,23,1,961.3,0,0,6.5,1.21,10.65
28,4,30,35,0,826.0,0,1,1.9,1.33,3.5
44,6,46,22,0,1374.5,0,3,1.4,1.44,6.55
29,1,67,10,0,1209.8,0,0,1.8,0.85,4.27
51,6,56,49,0,1328.3,1,0,2.0,0.9,3.34
17,3,13,32,4,1493.9,0,0,6.7,0.88,12.03
2,1,48,36,0,629.1,0,0,1.3,1.39,3.19
42,5,23,42,19,1086.7,0,1,4.8,1.21,9.92
4,2,26,35,0,1044.6,0,3,1.6,1.3,6.09
42,2,71,34,0,294.2,0,1,1.5,1.3,2.65
40,6,80,41,0,969.4,0,4,1.4,0.84,6.0
46,2,15,21,31,665.0,0,0,5.3,1.6,8.57
26,4,60,43,0,697.9,0,0,1.9,1.5,3.72
49,2,42,38,7,303.0,0,0,4.8,1.49,6.86
10,1,33,17,0,1127.3,1,1,1.1,0.83,3.48
24,1,71,15,0,1059.0,0,0,1.7,1.45,4.64
7,1,24,45,0,817.1,0,0,1.6,1.3,3.53
42,3,76,45,0,268.8,1,0,1.9,1.56,2.24
39,3,40,49,0,853.0,0,0,1.7,0.9,3.88
44,1,9,14,35,186.2,0,1,5.8,1.55,8.07
42,3,79,45,0,535.5,0,2,1.6,1.76,4.72
17,2,85,44,0,583.6,0,0,1.9,1.65,3.7
4,4,56,40,0,1329.8,0,0,1.3,1.69,5.42
51,6,72,29,0,646.7,1,0,1.0,0.88,2.27
27,5,14,30,13,913.8,0,0,6.6,1.33,10.45
6,6,33,27,0,1317.2,0,0,1.0,1.05,5.25
51,2,34,11,17,661.6,0,1,6.9,1.34,9.72
54,2,76,30,0,1330.2,0,1,1.2,1.51,6.37
25,5,35,19,0,239.2,0,1,1.4,1.55,2.39
42,2,72,18,0,572.7,0,2,1.9,1.79,4.56
2,6,30,12,0,178.3,0,0,1.1,1.76,1.98
6,3,60,28,0,859.0,1,1,1.0,1.05,3.6
15,2,20,11,0,1437.6,1,1,1.1,1.72,4.65
36,6,55,43,0,999.1,1,0,2.0,1.68,3.2
8,4,8,45,0,954.1,1,0,2.0,1.52,3.55
2,5,73,42,0,446.1,1,0,1.4,1.06,2.08
37,3,2,22,35,1399.4,1,0,3.5,0.99,6.77
42,1,99,16,0,728.4,0,0,1.7,1.24,2.97
40,5,83,30,0,429.8,0,0,1.1,0.84,1.67
44,1,57,36,0,1482.0,0,2,1.2,1.08,6.86
44,4,90,10,0,657.8,0,2,1.9,0.87,4.0
33,3,80,44,0,582.4,0,1,1.2,1.32,3.59
29,5,14,27,15,91.0,0,1,6.3,1.42,8.7
47,6,74,42,0,300.3,1,4,1.2,0.91,2.94
19,3,37,13,0,1221.4,1,0,1.6,1.67,3.65
6,6,85,27,0,744.7,0,0,1.2,0.9,2.92
41,1,86,28,0,1434.1,0,1,1.2,1.2,6.19
15,1,95,11,0,162.5,0,3,1.0,1.3,2.9
53,6,45,38,8,939.3,0,1,6.0,1.38,10.98
23,4,19,47,4,1091.2,0,0,5.2,1.12,10.07
46,3,12,31,34,946.9,0,1,6.4,1.51,10.56
3,1,16,25,0,813.6,0,0,1.4,1.14,3.47
36,2,99,35,0,884.3,0,0,1.3,1.05,3.75
25,5,58,24,0,1046.7,0,0,1.8,1.25,4.55
25,5,35,24,0,1300.4,0,1,1.3,0.91,4.42
15,6,44,40,0,531.1,0,0,1.6,1.77,3.41
53,3,17,33,36,711.1,1,0,6.9,1.35,9.39
22,3,57,20,0,968.4,0,1,1.9,0.94,4.16
46,1,42,26,4,498.8,1,0,6.4,1.6,9.58
23,1,79,43,0,301.0,0,2,1.2,1.52,3.4
3,3,2,31,1,1450.6,0,0,4.6,1.23,10.13
48,4,93,13,0,324.3,1,1,1.8,1.78,2.84
10,1,6,44,4,379.8,1,0,4.8,1.3,6.84
15,3,41,39,0,943.3,0,3,2.0,1.01,5.55
47,4,34,20,13,153.0,1,2,5.2,1.59,8.46
49,5,71,48,0,89.7,0,0,1.4,1.73,1.71
50,6,65,48,0,133.5,1,1,1.3,1.06,1.89
24,3,19,49,5,220.0,0,1,6.3,0.81,8.35
41,3,49,25,0,666.6,1,0,1.9,1.41,1.98
18,6,53,46,0,1250.7,1,1,1.1,1.53,3.89
40,5,46,42,0,539.3,1,2,1.6,1.06,3.4
28,2,2,44,26,664.2,1,0,3.9,1.76,6.64
3,5,17,31,0,916.4,0,3,1.3,0.97,6.15
23,1,50,21,0,481.1,0,0,1.4,1.6,3.31
26,3,26,19,0,671.5,0,2,1.3,1.68,4.86
14,2,54,48,0,604.0,1,3,1.7,0.97,4.18
21,6,16,30,5,539.1,0,0,5.8,1.3,8.91
28,1,73,47,0,607.1,0,0,1.6,0.83,2.63
3,6,18,32,0,56.2,1,1,1.6,1.44,1.59
9,2,64,31,0,1333.9,0,2,1.8,1.35,6.49
42,1,83,12,0,1466.9,1,0,1.1,1.58,4.58
20,4,35,26,0,1299.2,1,0,1.3,1.3,3.32
33,5,13,32,20,48.4,0,1,4.8,1.15,6.0
31,1,0,14,31,1136.3,0,0,4.1,0.94,7.91
30,1,36,16,0,876.7,1,1,1.4,0.85,3.52
23,1,11,33,12,177.5,0,1,6.6,1.33,9.02
27,3,88,19,0,1402.0,1,3,2.0,1.72,6.28
45,1,97,38,0,1173.3,0,0,1.3,1.57,4.93
53,5,98,28,0,252.1,0,3,1.2,1.19,3.39
14,1,92,26,0,1447.5,0,1,2.0,1.78,7.21
37,5,58,14,0,224.3,1,2,1.8,0.98,2.33
53,6,32,26,21,703.8,0,0,6.6,1.8,10.32
1,5,44,31,0,272.1,1,1,1.9,1.03,2.21
43,6,25,32,18,259.3,1,2,6.1,0.97,8.51
27,6,84,20,0,1453.0,0,1,1.8,1.66,6.63
53,1,43,11,10,875.3,0,0,6.8,1.27,10.73
32,3,38,47,0,418.4,0,0,1.5,1.69,3.06
46,5,68,48,0,1173.5,1,0,1.9,1.55,3.35
9,3,37,46,0,1317.9,0,0,1.8,0.96,4.14
8,5,35,21,0,1379.7,1,1,1.1,0.92,3.54
51,5,22,34,29,1402.2,1,3,5.3,1.25,10.34
29,6,6,15,23,1362.1,0,1,3.8,1.36,9.7
31,2,3,46,28,972.8,0,0,5.7,1.22,9.41
10,3,40,10,0,540.0,1,0,1.3,1.01,1.42
13,1,99,28,0,1391.3,1,0,1.2,1.02,3.0
45,2,26,44,19,218.8,0,0,5.8,1.31,7.87
17,2,64,39,0,286.4,0,2,1.4,0.81,2.97
32,3,32,44,0,673.4,0,0,1.5,1.24,2.99
18,3,30,29,0,454.2,0,0,1.6,0.83,1.99
15,6,16,13,0,939.0,1,1,1.1,1.67,4.04
9,5,56,10,0,1361.7,0,0,1.1,1.42,5.37
51,5,65,16,0,756.9,1,0,1.2,0.96,2.67
51,1,35,12,16,848.7,0,0,5.6,1.57,9.54
7,3,52,27,0,657.8,1,0,1.9,1.29,2.13
20,5,47,12,0,1073.1,0,1,1.1,1.31,5.31
31,2,27,17,4,187.0,1,0,4.6,1.06,5.87
21,3,69,26,0,110.9,0,1,1.5,1.19,1.78
39,5,55,39,0,976.4,1,0,1.9,1.68,3.67
15,5,6,36,9,820.9,0,0,5.0,0.95,8.8
4,6,49,12,0,634.7,0,1,1.2,1.42,3.85
19,3,38,46,0,527.6,0,0,1.7,1.02,2.18
33,3,79,31,0,115.6,0,0,1.5,1.24,2.11
10,3,30,23,0,1033.6,0,0,1.6,1.33,4.41
45,5,95,25,0,655.3,0,0,1.0,0.92,2.87
1,3,61,43,0,690.1,0,0,1.9,0.88,2.71
4,3,13,28,0,1344.4,0,4,1.6,1.28,7.72
28,2,40,19,0,1116.8,0,0,1.8,1.21,4.01
28,3,88,26,0,360.4,1,0,2.0,1.72,1.92
16,2,25,12,0,999.5,0,0,1.7,1.5,5.02
14,4,70,16,0,233.1,0,0,1.0,1.7,2.06
4,6,78,22,0,323.3,1,1,1.7,1.73,3.17
36,5,69,18,0,1082.7,0,1,1.6,0.82,4.95
21,3,9,23,12,223.8,0,3,4.1,1.68,8.14
7,6,37,12,0,449.1,1,0,1.3,1.76,2.22
22,6,34,34,0,1351.2,1,0,1.2,1.25,3.79
51,3,34,14,17,1117.9,0,1,6.8,1.44,12.47
15,5,87,18,0,1397.0,0,0,1.8,1.15,5.26
49,3,0,49,49,1327.5,1,0,6.5,0.9,9.41
14,6,53,10,0,496.4,1,0,1.8,1.06,2.02
11,3,98,21,0,963.3,0,0,1.6,0.88,3.15
15,2,87,30,0,592.9,0,2,1.9,1.29,3.74
18,1,60,22,0,1057.8,1,2,1.2,1.45,4.27
7,6,99,22,0,548.7,1,1,1.3,0.81,2.32
32,2,40,15,0,41.9,0,0,1.6,1.03,1.0
19,5,61,26,0,177.1,0,1,1.8,0.87,2.01
39,1,54,40,0,1165.7,0,1,1.8,1.77,5.83
27,4,4,33,23,162.6,0,1,5.7,1.6,8.24
24,3,4,46,20,915.2,0,0,5.6,0.83,8.29
26,3,89,37,0,1292.4,0,3,1.2,1.61,6.99
9,2,17,41,0,1122.0,0,0,1.2,1.63,5.47
39,1,35,27,4,643.6,0,1,4.4,1.61,8.56
6,3,62,34,0,344.6,1,2,1.7,1.68,3.38
39,3,57,33,0,1386.9,1,2,1.5,1.27,4.62
54,5,51,42,3,866.9,1,3,4.9,1.04,9.28
42,3,97,30,0,631.9,1,0,1.5,1.67,2.83
25,2,78,26,0,1415.4,1,1,1.8,1.63,4.85
17,2,94,12,0,353.9,0,0,1.2,1.07,1.7
48,4,65,44,0,685.7,0,1,1.6,1.38,3.93
14,3,97,27,0,198.6,1,0,1.3,1.36,1.54
27,6,60,41,0,222.3,0,0,1.6,1.29,2.06
42,3,54,37,0,622.0,0,3,1.7,1.41,4.16
50,4,81,10,0,1061.5,1,2,1.2,0.88,3.66
50,1,86,36,0,534.8,0,0,1.7,1.25,2.97
5,2,6,29,0,1046.8,1,0,1.7,1.08,3.12
49,6,91,19,0,1215.6,0,0,1.3,0.8,4.26
7,3,69,20,0,1321.3,0,0,1.9,1.32,4.34
32,3,89,35,0,105.3,1,0,1.8,1.16,1.56
51,4,71,13,0,1169.6,1,2,1.5,1.23,4.89
36,1,92,34,0,254.8,0,0,1.1,0.91,1.34
52,4,27,43,25,1059.5,0,0,5.7,1.31,9.89
19,3,18,13,1,582.6,0,1,7.0,1.07,10.57
17,1,19,10,0,1073.4,0,0,1.3,0.8,4.16
18,3,25,12,0,352.2,0,0,1.6,1.58,2.97
20,3,21,39,0,981.7,0,0,1.9,1.43,4.59
37,2,44,43,0,223.3,0,0,1.1,1.33,1.43
25,4,19,49,6,287.8,0,0,4.1,1.42,6.17
40,5,15,11,25,937.1,0,1,4.1,1.12,8.67
23,2,52,29,0,531.7,0,0,1.7,0.92,2.41
17,6,79,11,0,1067.5,0,2,1.8,1.16,5.44
11,4,13,24,0,1040.3,0,2,1.4,1.59,5.62
30,5,51,22,0,947.6,1,2,1.6,1.41,3.98
49,1,65,34,0,1106.6,1,3,1.3,1.59,5.05
47,5,70,46,0,1199.1,1,3,1.3,1.7,5.01
14,3,10,42,4,1370.7,0,2,6.1,1.05,11.91
26,5,73,12,0,157.6,1,0,1.0,1.71,1.96
39,5,2,19,37,874.5,0,0,3.5,1.46,7.44
34,2,23,20,11,1133.2,0,1,5.1,1.36,10.45
4,2,31,20,0,356.7,1,2,1.1,1.3,2.91
32,1,85,24,0,424.9,0,2,1.4,1.27,4.17
3,4,19,34,0,429.8,1,1,1.1,0.87,2.59
7,5,78,39,0,875.6,1,2,1.2,0.85,3.28
36,3,98,47,0,574.6,0,1,1.7,1.13,3.39
6,1,95,38,0,1012.5,0,1,1.7,1.0,4.87
19,2,30,21,0,930.9,1,0,1.9,0.89,2.26
32,3,9,17,23,999.4,0,0,6.2,0.82,9.61
36,6,22,25,14,408.4,0,0,4.0,1.78,7.4
25,1,76,41,0,1160.4,0,0,1.7,1.01,4.57
6,3,19,49,0,1009.5,1,0,1.3,1.78,3.89
44,4,64,25,0,230.7,0,0,1.2,1.34,2.11
52,2,37,17,15,332.3,1,2,5.8,0.99,8.37
48,6,76,10,0,479.4,0,0,2.0,0.95,1.85
41,6,60,13,0,1406.6,0,1,1.5,1.0,5.62
22,3,58,35,0,516.5,0,0,1.5,1.16,3.07
48,5,78,33,0,69.0,1,2,1.0,1.0,2.65
27,5,95,35,0,246.8,0,0,1.1,1.63,2.71
8,5,36,10,0,87.0,0,1,1.5,1.17,2.24
46,2,52,27,0,628.1,0,1,1.2,1.33,4.45
18,1,62,17,0,1203.8,1,0,1.5,1.3,2.82
51,3,82,23,0,697.6,0,1,1.8,1.46,4.08
20,1,48,34,0,1264.9,0,1,1.8,1.8,5.64
47,2,37,21,10,109.4,0,2,4.2,1.24,7.4
30,4,84,36,0,725.8,0,0,1.2,1.12,3.0
26,4,95,21,0,1189.1,1,3,1.4,1.77,5.81
17,2,56,30,0,1025.1,0,0,1.6,1.8,4.57
46,1,10,28,36,1285.1,1,0,6.3,1.58,10.23
4,2,28,25,0,439.8,1,0,2.0,1.6,2.32
26,3,46,15,0,771.2,0,0,1.3,1.21,3.41
20,5,70,33,0,1028.2,1,0,1.1,1.34,3.22
30,3,66,49,0,286.0,0,2,1.4,1.15,3.39
14,2,82,35,0,1231.1,0,1,1.5,1.42,5.45
36,4,2,39,34,494.7,0,3,5.0,1.63,10.01
21,1,46,42,0,176.2,1,0,1.3,1.17,1.84
11,2,70,11,0,1157.9,0,1,1.3,1.34,5.05
11,1,98,41,0,1069.3,1,0,1.4,1.57,4.06
38,4,14,19,24,1330.2,0,0,5.8,1.01,10.87
15,3,87,36,0,1342.4,0,0,1.1,1.41,5.09
17,4,0,49,17,446.6,1,1,5.9,1.58,9.01
34,4,19,45,15,976.4,0,1,4.2,0.85,8.75
18,3,84,26,0,1498.7,0,0,1.1,1.05,5.54
21,6,78,43,0,396.0,1,0,1.0,0.83,1.58
14,6,97,34,0,730.4,0,0,1.1,0.81,1.69
19,1,60,15,0,1368.8,1,0,1.1,1.28,3.29
38,6,61,19,0,190.5,1,1,1.6,1.5,2.61
29,2,53,48,0,1395.2,0,0,1.9,1.18,4.82
54,2,51,46,3,752.7,0,2,5.7,1.42,10.55
42,4,51,45,0,1343.8,1,4,1.3,0.99,5.8
1,1,29,25,0,947.2,1,0,1.9,1.64,3.22
21,3,85,22,0,1020.3,0,2,1.5,1.16,4.56
16,2,35,42,0,1168.6,0,1,1.4,1.51,5.14
32,3,61,10,0,138.0,0,0,1.5,0.93,1.56
15,5,66,45,0,956.5,0,2,1.1,1.62,5.89
53,6,53,34,0,1388.9,0,0,1.2,1.32,4.56
17,2,61,35,0,1435.9,0,1,2.0,1.77,6.45
29,4,4,27,25,1453.7,0,1,5.2,1.21,10.6
7,3,31,49,0,982.9,0,2,1.3,1.67,5.61
50,3,44,39,6,964.6,1,1,6.1,1.21,9.46
50,4,39,12,11,846.6,0,2,3.7,0.91,8.95
43,6,90,30,0,927.0,0,0,1.1,1.49,3.95
19,3,89,44,0,933.7,0,3,2.0,0.98,5.66
4,1,71,13,0,101.9,0,1,1.7,1.6,2.79
39,6,35,39,4,169.8,1,1,4.0,1.13,5.9
24,6,5,19,19,944.3,0,2,6.8,1.56,12.2
54,2,75,30,0,498.8,0,0,1.3,1.28,2.71
38,4,88,45,0,480.1,1,0,1.9,1.34,1.9
30,6,48,29,0,322.4,0,2,1.2,1.53,3.26
54,4,82,11,0,1209.6,0,3,1.9,1.47,6.43
44,3,93,10,0,1447.9,1,1,1.8,1.46,4.09
25,6,54,39,0,956.5,1,0,1.4,1.46,2.92
2,5,20,47,0,1420.3,0,0,1.9,1.39,5.38
6,4,2,21,4,1330.5,1,0,5.0,1.61,8.95
24,1,75,47,0,358.2,0,0,1.9,1.1,2.28
31,3,56,28,0,264.1,0,2,1.4,0.98,2.77
2,5,15,12,0,348.9,0,1,1.6,1.54,2.82
7,2,5,31,2,180.5,1,0,3.8,1.34,5.6
39,4,96,48,0,891.0,0,0,1.1,1.7,4.52
41,4,32,20,9,452.7,1,3,4.1,1.77,8.13
2,1,32,48,0,1372.9,1,1,2.0,1.67,4.23
28,4,62,36,0,935.6,1,0,1.1,1.35,2.8
5,5,36,25,0,565.0,1,0,1.7,1.55,2.46
40,2,91,37,0,1477.6,0,0,1.9,1.13,5.75
46,4,68,26,0,1431.7,0,0,1.6,0.81,5.14
47,5,35,13,12,1176.8,0,1,4.6,1.58,10.09
33,1,26,44,7,1195.9,0,0,6.2,1.58,11.86
34,4,86,24,0,1466.8,1,0,1.5,0.81,3.31
51,2,59,32,0,916.7,1,0,1.9,1.66,3.73
34,3,91,39,0,1324.8,0,0,1.3,1.68,5.89
25,4,34,13,0,134.6,0,1,1.4,1.12,2.46
41,1,2,38,39,848.9,1,1,5.9,0.82,8.84
32,1,89,24,0,773.7,0,0,1.8,1.68,3.93
46,3,23,31,23,95.1,0,0,5.6,0.87,6.74
29,6,84,28,0,166.9,0,1,1.8,1.03,2.35
47,1,70,41,0,71.9,0,2,1.6,1.34,2.37
3,5,23,17,0,469.3,1,0,1.9,1.62,2.33
2,1,75,14,0,118.1,0,0,1.6,1.58,2.5
6,3,8,26,0,657.8,0,3,1.6,1.48,5.23
31,3,39,14,0,1226.6,0,0,1.0,1.63,5.47
39,3,35,19,4,936.2,0,3,6.5,1.49,11.89
12,1,65,36,0,1023.7,0,2,1.0,1.44,5.31
9,5,53,42,0,86.0,0,0,1.9,0.97,1.33
47,2,61,37,0,1265.7,1,0,1.0,1.24,3.4
41,5,47,22,0,253.4,1,3,1.3,1.25,2.91
36,4,73,42,0,481.9,0,0,2.0,0.82,2.46
27,4,16,26,11,794.5,0,0,5.0,1.21,8.86
23,2,71,17,0,1397.8,1,0,1.8,1.03,3.33
2,4,5,40,0,1497.3,0,1,1.7,0.89,6.0
11,6,8,30,3,1182.7,0,2,4.4,1.35,10.94
49,6,72,24,0,1104.8,0,1,1.3,1.04,5.28
19,6,15,36,4,810.4,0,0,6.9,0.99,10.12
39,2,77,38,0,1011.8,1,1,1.9,1.59,3.49
39,4,13,18,26,250.9,0,1,6.9,1.61,9.86
17,3,14,14,3,433.0,1,0,6.5,1.46,9.52
12,6,93,30,0,1477.6,1,1,1.2,0.99,4.54
38,6,17,12,21,1470.2,1,1,5.1,1.43,9.6
6,6,91,35,0,511.5,1,0,1.3,1.51,2.93
27,1,34,27,0,391.9,1,3,1.0,1.03,3.76
48,2,79,18,0,375.1,0,0,1.4,0.93,1.34
39,5,93,33,0,747.9,1,0,1.6,1.23,2.88
42,5,11,25,31,366.7,0,0,7.0,1.22,9.31
5,3,33,25,0,986.8,1,0,1.3,0.95,2.34
11,1,57,18,0,149.2,0,0,1.3,0.99,1.45
15,1,86,37,0,191.4,0,0,1.3,1.3,1.99
16,5,18,46,0,444.3,0,1,1.6,1.33,2.87
11,3,18,34,0,1175.1,0,1,1.3,1.34,5.21
53,3,36,19,17,512.0,0,0,5.7,1.78,8.83
9,5,20,43,0,727.4,0,1,1.3,0.84,3.75
39,1,26,14,13,998.7,0,1,6.6,1.59,11.49
32,5,12,21,20,1191.3,0,0,6.5,1.15,10.46
33,2,82,11,0,488.4,0,4,1.6,1.55,4.99
12,6,79,43,0,1107.2,0,0,1.7,1.54,4.37
17,6,14,11,3,457.7,0,0,4.5,1.42,6.77
33,4,53,31,0,980.9,0,0,1.4,1.43,4.65
17,2,64,17,0,698.3,0,0,1.1,1.46,3.74
38,2,62,18,0,1392.9,0,0,1.5,1.55,5.19
3,2,98,34,0,1473.9,1,0,1.9,0.93,3.01
4,6,64,42,0,1170.2,0,1,1.6,1.16,5.02
40,2,68,10,0,1376.6,0,2,1.7,1.64,6.21
34,3,3,16,31,239.3,0,1,4.5,1.35,7.0
3,3,7,21,0,995.5,1,1,1.5,0.94,3.22
49,5,61,47,0,329.6,0,1,1.7,1.76,3.36
1,6,90,12,0,444.4,0,1,1.1,1.79,3.73
52,4,39,17,13,803.3,0,0,4.1,1.31,7.43
40,5,64,26,0,1123.3,0,0,1.2,1.33,4.56
54,4,21,23,33,1093.4,0,0,5.0,1.09,9.66
52,3,45,11,7,1309.4,1,0,4.5,1.32,7.33
17,1,75,31,0,856.5,1,1,1.2,1.77,3.9
41,2,65,34,0,1392.5,0,0,1.1,1.05,4.62
12,3,11,17,1,1336.3,0,0,4.7,1.1,10.11
26,1,87,37,0,1279.6,0,0,1.2,1.7,5.64
13,2,92,12,0,375.1,1,1,1.4,1.18,2.65
27,3,47,39,0,815.9,1,0,1.2,1.77,2.87
48,3,34,20,14,1114.9,0,0,6.2,1.15,10.63
24,5,53,18,0,1465.1,0,0,1.1,0.8,5.12
5,6,80,17,0,57.0,0,0,1.8,1.75,1.08
18,5,45,44,0,517.6,1,1,1.5,1.04,2.53
43,1,3,30,40,539.8,0,0,4.7,1.49,7.95
29,3,7,37,22,461.3,0,0,5.2,0.85,6.87
31,5,81,18,0,1233.4,0,4,1.3,1.55,7.48
24,4,78,12,0,105.8,0,0,2.0,1.02,1.36
16,3,77,11,0,564.8,1,1,1.1,1.6,3.6
33,3,12,27,21,1079.1,0,1,4.1,1.77,9.36
35,3,17,23,18,633.8,0,0,6.5,0.85,9.22
49,4,39,40,10,250.3,1,0,4.4,1.17,6.12
34,2,23,41,11,931.8,0,0,4.3,1.52,7.5
54,4,38,22,16,803.0,1,0,3.5,1.8,6.55
45,2,55,27,0,1473.5,1,0,1.3,1.16,3.72
5,5,28,25,0,1132.8,0,1,1.5,1.79,4.75
22,6,12,37,10,1479.8,0,0,4.7,1.7,10.86
21,4,40,35,0,312.1,0,0,1.5,1.52,2.44
1,3,72,36,0,1151.9,1,1,1.8,1.18,3.73
10,6,61,12,0,845.4,1,0,1.7,1.34,3.04
42,4,32,23,10,1080.3,0,1,5.1,1.52,10.11
20,3,31,48,0,722.6,1,0,1.2,1.49,2.74
8,1,58,23,0,350.1,1,1,1.7,1.09,2.54
16,1,17,16,0,106.8,1,2,1.2,1.36,2.66
15,2,83,17,0,1263.9,0,0,1.9,1.64,4.61
10,2,86,11,0,1229.6,0,2,1.8,1.28,5.91
6,5,2,41,4,277.3,1,0,5.1,1.37,6.97
42,4,97,10,0,982.0,1,0,1.8,1.13,3.13
45,6,2,33,43,1117.1,1,0,5.0,0.96,7.75
27,4,45,25,0,854.1,1,0,1.0,0.87,1.99
34,6,66,13,0,503.2,0,2,2.0,1.21,3.41
50,4,32,45,18,1326.2,0,0,4.4,1.43,10.12
46,3,20,39,26,978.0,0,0,4.6,1.56,9.06
2,5,4,42,0,1091.5,0,2,1.8,0.88,5.59
52,3,72,47,0,992.1,0,0,1.1,1.12,4.49
4,2,3,46,1,1093.1,0,1,5.5,1.61,10.52
2,3,48,38,0,251.8,0,0,2.0,0.91,1.34
22,4,39,31,0,1387.0,0,3,1.8,1.79,7.36
41,3,96,37,0,457.3,1,0,1.4,1.43,2.43
5,5,93,27,0,1261.4,0,1,1.3,1.74,5.4
16,6,81,17,0,1344.3,0,1,1.9,1.53,6.08
15,3,73,25,0,990.8,0,3,1.3,1.76,6.38
22,2,54,28,0,913.5,0,4,1.9,1.47,5.89
54,3,34,11,20,199.2,0,1,6.5,1.07,8.31
18,6,16,43,2,676.9,0,0,6.9,1.6,10.59
12,2,96,46,0,933.0,1,0,1.2,1.03,3.35
7,6,38,26,0,159.5,0,2,1.5,1.37,2.82
11,3,42,29,0,202.7,0,1,1.1,1.17,2.41
8,6,14,43,0,1490.5,1,2,1.4,1.6,5.04
31,5,27,28,4,525.1,0,1,5.2,1.56,8.89
23,5,63,37,0,550.6,0,0,1.1,1.66,3.01
27,6,42,30,0,407.2,0,0,1.6,1.05,2.12
45,2,58,20,0,983.2,0,0,1.4,1.8,5.47
32,4,21,41,11,730.7,1,1,5.4,1.61,8.85
9,1,8,17,1,1194.0,0,0,3.8,1.19,7.85
21,2,88,18,0,788.2,0,0,1.9,0.93,3.41
17,1,43,37,0,62.5,0,1,1.4,1.15,2.27
45,5,36,38,9,744.7,0,0,6.1,0.91,9.37
17,4,28,48,0,120.6,1,0,1.1,1.42,1.56
8,5,65,38,0,1247.1,0,0,1.5,0.91,4.15
40,2,56,10,0,205.9,1,0,1.1,1.23,1.27
24,2,38,43,0,356.8,0,0,1.6,1.47,2.42
6,5,93,26,0,711.5,0,1,1.4,1.25,3.7
38,5,90,10,0,325.0,0,2,1.8,1.68,3.51
12,6,19,33,0,827.3,1,1,1.4,1.04,3.43
47,1,64,16,0,712.6,0,3,1.6,1.32,5.33
45,3,96,26,0,1430.7,1,0,1.1,1.71,4.61
20,1,48,28,0,169.0,0,0,1.7,1.15,1.36
31,5,3,12,28,882.0,0,0,5.3,1.27,8.77
31,1,13,44,18,1091.8,0,1,5.8,1.73,11.23
36,5,66,30,0,226.3,0,0,1.0,1.3,2.09
4,1,90,48,0,969.2,0,3,1.6,1.66,6.1
18,1,12,28,6,1301.8,0,1,4.1,1.74,10.23
10,6,54,33,0,1189.8,1,2,1.5,1.06,4.75
38,3,49,42,0,1405.3,0,0,1.0,1.59,5.53
4,3,28,18,0,1092.1,0,1,1.4,1.45,5.4
28,4,63,46,0,615.2,0,0,1.9,1.79,3.73
40,2,87,17,0,1383.9,0,0,1.1,1.39,5.38
52,5,23,49,29,369.0,0,1,4.0,1.59,7.46
16,3,5,35,11,892.2,0,0,6.5,1.15,9.93
1,2,35,30,0,1157.9,0,2,1.3,1.41,5.48
40,3,31,18,9,1313.5,0,1,6.2,1.58,12.23
1,1,72,32,0,1378.2,0,1,1.7,1.77,5.68
4,2,53,32,0,164.1,1,0,1.9,1.05,1.51
54,4,1,49,53,1100.0,1,0,3.6,0.88,5.97
47,1,33,43,14,338.0,0,0,3.5,1.78,6.78
39,1,73,29,0,1177.5,1,1,1.4,1.4,3.83
46,4,47,25,0,1063.0,0,0,1.6,0.82,4.37
5,3,56,25,0,304.8,0,4,1.7,1.32,4.32
5,1,26,25,0,1255.9,0,3,1.8,1.74,6.89
17,5,31,10,0,714.2,0,0,1.9,1.78,4.12
2,5,13,11,0,834.0,0,1,1.0,1.13,4.17
48,1,8,40,40,1458.2,0,0,6.4,1.58,12.12
4,2,3,20,1,998.7,0,0,5.3,1.26,9.27
30,3,62,26,0,899.3,0,0,1.0,1.2,3.63
47,5,15,37,32,64.5,0,2,5.5,1.56,9.17
40,1,57,34,0,330.9,0,2,1.8,1.07,2.53
13,5,95,24,0,78.8,0,0,1.5,1.23,1.03
26,2,69,40,0,526.6,1,0,1.0,1.05,2.36
30,1,57,16,0,543.0,1,0,1.4,0.94,2.26
42,6,11,28,31,814.3,0,0,4.9,1.18,8.08
24,1,48,14,0,1047.1,1,0,1.9,1.76,2.94
16,1,89,31,0,301.8,0,2,1.8,1.22,3.63
43,6,38,13,5,918.4,0,3,6.9,1.48,12.29
48,4,82,47,0,1378.8,0,0,1.5,1.09,4.86
27,3,70,36,0,310.1,0,2,1.8,1.67,3.69
2,5,26,19,0,1002.3,0,1,1.1,1.42,4.46
28,4,14,34,14,106.6,0,1,4.9,1.75,7.83
49,4,1,23,48,815.5,1,2,3.9,1.13,7.54
54,1,27,30,27,1122.6,1,0,4.9,1.34,7.86
22,4,33,16,0,89.7,1,0,1.7,0.99,1.0
9,2,65,30,0,527.2,0,0,1.1,0.94,2.9
31,5,57,14,0,1321.8,0,1,1.2,1.39,5.62
45,4,47,16,0,369.2,1,0,1.7,1.6,2.45
52,1,72,33,0,1095.4,0,0,1.3,1.0,4.13
3,6,77,30,0,933.9,0,0,1.3,1.5,3.55
16,2,71,21,0,279.0,0,0,1.8,1.47,2.53
26,2,89,12,0,1122.9,0,0,1.0,1.28,4.86
6,6,35,26,0,816.8,0,0,1.4,1.57,4.55
48,5,82,47,0,203.6,0,2,1.2,1.39,2.41
7,6,42,38,0,1426.1,0,1,1.0,1.75,5.27
36,4,18,12,18,758.3,1,0,4.6,1.56,7.68
50,6,14,47,36,1127.8,0,2,5.8,1.69,11.6
38,1,9,26,29,357.8,0,2,4.4,1.16,7.18
42,4,95,33,0,240.3,0,0,1.4,1.61,2.33
15,2,16,10,0,1122.3,1,1,1.5,1.79,4.11
45,3,83,22,0,1023.8,0,0,1.9,0.96,3.44
23,2,78,41,0,440.2,0,0,1.5,1.31,2.54
4,2,43,23,0,1129.6,0,1,1.6,1.66,5.64
20,3,91,16,0,777.3,1,0,1.6,1.2,2.59
19,6,90,13,0,549.0,0,0,1.5,1.31,2.94
29,4,92,46,0,1188.9,0,0,1.3,1.55,5.1
15,3,49,42,0,940.5,0,0,1.9,1.62,3.72
25,3,29,11,0,780.6,1,0,1.4,1.0,2.32
24,4,4,47,20,1168.7,0,2,5.7,1.19,11.41
18,2,84,42,0,835.4,0,0,1.6,1.19,3.44
38,4,87,24,0,1410.3,0,0,1.8,0.95,4.69
17,5,53,36,0,1234.4,0,1,1.5,0.89,4.71
42,2,7,20,35,563.0,0,0,6.9,1.54,9.95
14,4,82,19,0,718.8,0,1,1.5,1.65,4.57
47,5,29,38,18,1437.7,0,0,6.8,1.75,13.19
20,4,54,18,0,1347.0,1,0,1.3,1.76,4.53
3,2,65,24,0,319.1,0,0,1.9,1.79,2.16
9,4,14,24,0,440.5,1,0,1.8,0.88,1.31
44,5,6,16,38,572.1,0,1,5.5,1.2,9.11
48,2,7,43,41,1324.6,1,1,6.4,0.88,10.56
12,4,95,36,0,1394.0,0,0,1.9,1.48,5.12
33,5,95,44,0,1211.4,0,0,1.3,1.77,5.3
32,2,42,30,0,442.5,0,2,1.3,0.84,2.81
8,3,42,17,0,1335.1,0,0,1.2,1.33,5.24
25,6,40,21,0,88.0,1,0,1.1,1.33,1.26
38,3,35,24,3,657.3,0,1,6.9,0.96,10.35
53,4,54,47,0,591.3,1,0,1.8,1.63,2.22
46,1,35,19,11,821.4,0,3,3.9,1.19,8.52
6,6,61,37,0,858.5,0,0,1.0,1.22,4.76
13,4,37,14,0,369.1,1,2,1.5,1.76,3.52
24,5,62,48,0,338.7,0,0,1.3,1.05,2.76
9,4,94,35,0,1213.2,1,0,1.6,1.19,3.8
31,3,20,27,11,151.2,0,0,5.0,1.57,6.43
1,3,6,23,0,760.2,0,3,2.0,1.28,5.23
7,5,52,24,0,319.8,1,0,1.8,1.4,1.5
3,6,11,19,0,506.6,0,0,1.7,1.28,2.62
16,1,23,33,0,444.8,0,3,1.5,1.08,3.34
42,6,78,44,0,1074.4,0,0,1.6,0.96,3.48
10,5,41,19,0,705.8,0,0,1.4,1.65,3.37
54,1,54,39,0,477.2,0,0,1.8,1.08,2.25
15,1,77,32,0,1253.8,0,2,1.9,1.8,6.5
3,5,12,40,0,165.3,0,0,2.0,0.81,1.0
19,6,47,40,0,1158.9,0,0,1.6,1.68,5.04
41,3,3,11,38,402.5,0,3,4.4,1.75,9.35
6,4,49,10,0,1380.3,0,1,1.4,0.86,5.45
4,6,22,46,0,48.1,0,0,1.0,1.43,1.54
46,2,91,16,0,852.7,1,1,1.7,1.58,3.71
32,2,26,32,6,948.5,1,0,4.7,1.42,7.24
19,6,20,40,0,882.9,0,0,1.9,1.68,4.54
41,2,1,30,40,1229.9,0,0,3.8,0.93,7.82
46,3,13,10,33,203.8,0,1,6.2,1.75,9.63
20,3,21,10,0,646.7,0,1,1.7,1.35,4.02
31,4,22,36,9,1301.1,0,0,6.2,1.14,11.25
1,2,73,45,0,1337.6,1,0,1.5,1.33,3.83
17,5,88,23,0,767.6,1,0,1.2,1.14,2.46
33,5,85,31,0,854.6,0,1,1.6,1.26,3.98
11,2,95,47,0,1155.3,0,1,1.3,0.96,4.48
54,3,89,43,0,1178.2,0,1,1.7,1.64,6.17
53,1,45,31,8,1336.6,1,3,5.2,1.19,10.37
14,2,38,36,0,1272.0,0,2,1.7,1.27,5.61
22,6,64,48,0,645.1,1,3,1.3,1.71,4.65
11,4,31,41,0,988.6,0,1,1.5,1.71,5.2
28,4,60,26,0,745.5,1,0,1.6,1.59,2.75
7,6,99,37,0,212.2,0,1,1.7,0.83,1.67
22,5,19,23,3,1239.7,0,0,4.9,1.71,10.41
30,5,76,46,0,918.6,0,0,1.5,0.99,3.95
34,5,93,13,0,124.7,0,0,1.9,1.24,1.71
33,3,53,19,0,1028.2,0,0,1.0,1.7,4.66
12,4,35,23,0,453.3,0,1,1.7,0.9,2.47
43,2,25,18,18,141.1,0,0,5.9,0.93,7.4
38,6,16,33,22,925.6,0,0,4.8,1.38,8.6
41,2,32,38,9,1109.0,1,2,4.5,1.27,8.33
26,6,74,45,0,795.2,0,1,1.8,1.19,4.41
49,6,51,30,0,48.2,0,0,1.5,1.61,1.39
22,1,22,34,0,882.2,0,0,1.5,1.69,3.55
44,5,54,33,0,49.6,0,0,1.0,1.79,2.39
11,6,80,10,0,1392.6,0,2,1.0,0.92,5.39
14,4,1,38,13,430.3,1,0,4.5,1.48,6.58
29,3,2,10,27,1311.7,0,3,7.0,1.67,13.68
31,6,95,31,0,57.7,0,0,1.3,1.04,1.0
41,4,74,49,0,181.9,1,1,1.8,1.28,2.92
17,1,57,41,0,699.1,0,0,1.1,0.81,2.77
48,2,90,30,0,1147.6,0,0,1.3,0.93,4.33
18,5,58,22,0,1416.1,0,0,1.7,0.93,5.25
29,3,52,43,0,800.8,1,0,1.0,1.51,2.66
51,2,21,44,30,559.0,1,4,6.3,1.42,11.25
30,5,81,24,0,105.0,1,1,1.1,0.84,1.7
37,1,76,14,0,892.2,0,0,1.8,1.4,4.21
50,2,29,33,21,594.9,0,1,6.4,0.87,9.27
53,3,73,35,0,1367.3,1,0,1.6,1.0,3.5
27,1,72,47,0,740.9,0,3,1.2,1.7,5.46
23,3,9,45,14,1157.6,0,0,3.5,1.25,8.45
11,6,16,19,0,1278.4,1,0,1.3,1.58,3.58
30,6,59,20,0,183.5,0,0,1.6,1.11,2.35
50,6,62,49,0,683.6,0,0,1.1,0.91,2.98
27,2,65,23,0,1344.8,1,3,1.1,1.69,5.6
19,1,37,28,0,659.7,0,0,1.2,0.96,2.76
6,5,83,22,0,865.1,1,0,1.2,1.15,2.63
22,3,44,25,0,1314.7,0,2,1.1,1.5,6.14
13,5,20,32,0,379.6,0,0,1.1,1.39,2.71
53,1,11,21,42,1346.1,1,0,6.4,1.73,10.43
29,5,87,26,0,619.7,1,1,1.6,1.79,4.08
8,4,70,24,0,905.8,1,0,1.6,0.95,2.35
4,6,46,14,0,518.9,0,2,1.3,1.03,3.57
46,1,20,41,26,809.6,0,1,6.5,1.44,10.65
51,3,9,45,42,112.0,0,0,4.0,0.95,5.92
42,6,15,29,27,135.3,0,0,3.8,1.34,5.02
7,3,10,18,0,645.5,1,0,1.8,1.17,2.31
6,4,52,35,0,529.0,1,0,1.7,1.69,2.71
11,1,19,31,0,939.1,0,1,1.4,1.72,4.56
41,5,12,32,29,95.3,1,1,4.9,1.06,7.6
42,2,28,33,14,284.8,0,0,6.1,0.9,7.49
46,4,69,38,0,346.0,1,1,1.9,1.79,2.94
6,6,49,11,0,683.1,0,0,1.5,0.95,3.49
9,4,15,13,0,400.4,1,3,1.2,0.97,3.18
49,3,74,13,0,241.0,1,0,1.6,1.05,1.51
51,2,48,16,3,912.5,0,2,4.1,1.14,8.83
40,3,18,48,22,1126.1,1,0,4.4,0.95,7.26
6,6,69,39,0,1040.5,0,0,1.6,1.12,4.47
4,2,99,36,0,443.2,1,0,1.3,0.82,1.43
4,4,54,37,0,1287.5,0,2,1.9,1.6,5.45
38,3,16,11,22,933.3,0,2,6.4,1.06,11.22
46,2,30,18,16,937.4,1,1,6.5,1.62,10.3
35,5,59,41,0,350.8,1,0,1.2,1.45,2.12
15,3,99,28,0,393.6,1,1,1.5,1.28,2.44
41,2,92,30,0,733.1,0,0,1.0,1.77,3.56
4,4,93,40,0,387.2,0,1,1.1,1.19,2.76
45,5,83,13,0,1044.6,0,0,1.9,0.98,4.58
49,6,57,41,0,490.5,1,2,1.0,1.38,3.31
39,4,64,37,0,261.8,1,1,1.2,0.94,2.17
48,4,73,26,0,261.4,1,0,1.4,1.08,1.17
32,5,71,29,0,225.8,0,1,1.0,1.71,2.8
26,2,63,12,0,682.0,1,0,1.8,1.69,2.51
18,2,13,18,5,44.4,0,0,3.7,1.27,5.55
50,3,87,19,0,831.9,1,0,1.4,1.28,2.16
38,4,0,45,38,475.5,0,0,6.9,1.37,9.76
11,4,42,14,0,846.6,0,0,1.9,0.88,3.42
52,1,43,21,9,1405.7,0,1,6.2,1.05,11.91
4,5,99,15,0,1308.8,1,1,1.5,1.38,3.35
32,3,8,21,24,881.6,0,0,4.3,1.12,7.23
11,6,47,10,0,650.4,0,4,1.5,1.01,5.11
36,5,35,20,1,1059.6,1,2,5.9,1.45,9.94
23,6,9,38,14,1387.8,1,0,5.4,1.37,8.92
24,4,22,40,2,754.7,0,0,5.9,1.13,9.04
37,4,42,25,0,185.0,0,2,1.4,1.74,3.0
41,2,91,38,0,1158.5,0,0,1.7,1.58,4.46
21,3,38,34,0,55.3,0,0,1.7,1.4,1.56
54,6,88,46,0,1156.4,0,3,1.8,1.01,5.3
27,3,73,42,0,164.0,0,1,1.6,1.45,2.29
9,1,81,19,0,195.7,0,2,1.2,1.49,2.92
1,2,85,33,0,1181.3,0,2,1.7,1.38,5.85
11,4,71,41,0,1046.7,0,0,1.8,1.44,5.27
38,4,73,22,0,860.4,0,1,1.1,0.96,3.62
30,6,15,32,15,1238.1,0,2,4.8,1.13,10.71
19,6,71,26,0,1283.0,0,0,1.9,1.69,5.43
26,4,4,22,22,708.0,0,0,6.5,0.94,9.66
46,4,73,17,0,1494.6,0,0,1.1,1.39,5.59
31,5,65,11,0,562.1,1,1,1.7,1.7,3.72
4,1,75,39,0,290.4,1,1,1.4,0.81,2.1
3,4,64,42,0,1275.1,0,2,1.3,1.77,6.76
27,3,36,36,0,646.7,1,0,1.0,1.68,2.29
22,5,36,19,0,1316.8,1,1,1.7,1.52,4.36
46,5,59,10,0,129.3,0,0,1.6,1.51,1.7
32,4,47,35,0,202.1,0,3,1.5,1.67,3.6
41,4,34,17,7,98.8,0,1,5.8,0.97,7.38
32,5,48,31,0,918.9,0,1,1.4,1.5,4.66
19,4,53,48,0,1254.5,0,0,1.5,1.14,4.88
36,2,23,10,13,627.9,0,0,6.1,1.68,9.92
34,2,63,33,0,172.4,1,0,1.1,1.33,1.95
39,5,31,49,8,585.3,0,2,4.6,1.57,9.04
11,4,26,23,0,548.1,0,0,1.1,0.97,2.56
35,2,41,42,0,979.5,1,2,1.8,1.04,3.71
16,6,10,43,6,992.1,0,0,6.7,1.64,11.09
43,6,60,29,0,190.4,0,0,1.8,1.2,1.47
44,4,73,22,0,653.5,1,0,1.4,1.33,2.3
34,2,95,37,0,978.1,0,0,1.2,1.53,4.45
52,6,28,34,24,417.9,0,0,4.2,0.97,6.9
30,2,53,29,0,634.3,0,0,1.2,1.1,2.86
2,3,50,17,0,936.0,0,0,1.4,1.13,3.52
33,6,73,39,0,628.2,1,1,1.8,1.72,3.69
42,4,62,18,0,85.1,0,0,1.1,0.94,1.0
6,2,80,15,0,365.0,1,1,1.4,1.17,2.71
6,1,85,12,0,1173.1,0,1,1.1,1.76,5.16
15,3,11,27,4,402.8,1,0,4.3,1.63,6.85
46,5,35,14,11,1233.9,0,0,5.4,1.47,10.23
29,5,65,23,0,721.7,1,0,1.1,1.35,2.7
53,2,54,19,0,730.5,0,0,1.1,1.64,4.46
48,1,48,28,0,1165.0,1,0,1.7,1.75,3.45
30,5,17,41,13,599.6,1,1,5.4,1.72,8.35
37,1,57,28,0,388.2,0,0,1.4,1.44,2.58
18,1,74,32,0,193.3,0,2,1.7,1.53,3.72
5,3,3,15,2,1021.0,0,1,5.5,1.58,10.61
22,4,59,14,0,726.1,0,0,1.9,1.61,3.7
32,2,90,49,0,1221.7,0,1,1.8,1.53,5.63
10,2,57,34,0,708.2,0,0,1.4,0.98,2.65
12,2,95,10,0,645.6,1,0,1.5,1.56,2.73
1,3,35,32,0,476.3,1,4,1.4,1.19,4.07
40,1,0,10,40,331.2,0,0,3.5,1.0,5.91
49,1,68,13,0,1252.4,0,0,1.0,0.9,4.76
45,3,21,24,24,179.0,0,2,6.3,1.04,8.49
21,1,0,36,21,1357.1,1,2,3.8,1.31,8.44
33,2,18,34,15,79.3,1,0,5.9,1.05,7.27
52,4,93,41,0,802.5,0,1,2.0,1.47,3.97
32,1,78,17,0,125.2,0,1,1.3,1.76,2.29
16,4,27,17,0,1178.2,0,1,1.4,0.84,4.59
19,4,59,31,0,348.8,0,0,1.5,0.93,2.05
40,4,33,44,7,866.2,1,2,3.5,1.05,7.5
25,4,17,38,8,1378.0,0,0,4.2,1.6,9.82
46,5,98,36,0,987.9,0,0,1.6,1.07,4.75
47,1,81,13,0,300.3,0,0,1.7,0.99,1.61
2,2,36,45,0,1203.1,0,0,1.9,0.95,4.65
40,2,35,49,5,684.6,0,0,6.3,0.95,8.82
20,5,81,33,0,59.2,0,0,1.6,1.52,2.25
29,6,46,23,0,750.7,0,0,1.2,1.51,4.13
15,6,37,36,0,1226.2,0,3,1.1,1.11,6.51
20,4,38,35,0,667.7,1,0,1.6,1.25,1.79
18,3,44,47,0,1147.3,1,0,1.6,1.43,3.64
3,3,52,14,0,1070.1,0,2,1.8,1.78,5.65
43,1,4,30,39,707.1,0,0,3.6,1.54,7.32
8,3,48,38,0,512.0,1,1,1.2,1.6,2.52
21,4,43,23,0,1100.7,1,0,1.2,1.78,3.76
11,2,27,43,0,578.6,1,1,1.5,1.18,2.6
9,5,35,12,0,288.3,0,0,1.3,0.87,1.42
21,5,42,14,0,508.5,0,0,1.2,1.55,3.21
50,2,36,41,14,1320.2,0,1,3.6,0.92,8.82
51,6,90,15,0,453.7,1,0,1.4,1.24,1.95
21,1,52,26,0,383.0,0,0,1.3,1.54,2.89
28,6,50,21,0,234.8,0,0,2.0,1.36,2.7
54,5,26,37,28,120.6,1,1,4.6,1.17,6.62
13,2,91,10,0,1466.0,1,0,1.2,1.31,3.19
52,4,2,24,50,823.7,0,1,4.9,1.05,8.31
6,2,55,49,0,1105.3,0,1,1.5,0.87,4.6
13,5,16,24,0,1168.5,0,0,1.9,1.21,4.91
19,1,76,33,0,554.4,0,2,1.6,0.86,3.59
3,2,37,49,0,1206.4,0,2,1.2,1.78,6.51
45,2,29,34,16,1443.8,0,0,4.9,1.25,10.25
47,2,5,40,42,1123.0,1,0,5.3,1.68,9.24
21,2,79,48,0,1079.1,1,0,1.9,1.75,3.82
46,4,39,34,7,671.1,1,2,4.2,1.25,7.34
42,4,26,43,16,1268.3,1,0,6.3,1.22,9.85
44,4,84,30,0,169.7,0,0,1.5,1.69,1.63
44,2,1,42,43,1134.5,0,2,3.8,0.83,9.13
31,2,46,35,0,568.5,1,1,1.5,1.29,2.72
6,6,16,23,0,866.3,0,0,1.1,1.07,3.6
50,2,12,32,38,1343.7,1,1,3.8,1.55,8.32
33,1,2,23,31,923.3,0,1,3.5,1.64,8.43
49,3,18,25,31,77.3,0,0,5.2,1.42,7.34
52,1,94,21,0,1095.0,0,0,1.8,1.21,4.35
11,3,44,29,0,1396.4,0,1,1.9,1.35,5.96
22,6,99,23,0,977.3,0,0,1.2,1.37,4.63
11,2,26,35,0,1297.7,0,4,1.9,1.44,8.01
3,5,76,24,0,1244.9,0,0,1.7,1.72,5.27
53,3,8,29,45,1297.5,1,1,4.3,1.05,7.95
50,3,10,15,40,542.4,0,1,4.8,1.0,7.74
51,4,1,25,50,732.3,0,0,7.0,0.99,10.24
48,4,89,24,0,1278.1,0,0,2.0,1.5,5.08
36,2,67,48,0,1369.2,0,3,1.6,1.7,6.65
29,2,74,27,0,254.4,0,1,1.6,1.13,2.8
54,6,92,10,0,305.0,0,0,1.0,1.22,2.38
30,2,33,22,0,546.4,0,0,1.3,1.77,3.73
35,6,72,39,0,1164.6,1,0,1.5,0.95,3.42
12,3,50,16,0,1317.5,1,0,1.6,1.68,4.01
41,6,54,16,0,887.2,0,0,1.9,1.76,4.39
45,3,66,24,0,205.4,1,1,1.5,1.6,2.85
37,4,46,24,0,483.5,0,0,1.3,1.14,2.1
27,4,2,29,25,1291.3,0,1,4.0,1.45,9.57
